ticker,name,sector,industry
A,"Agilent Technologies, Inc.",Healthcare,Diagnostics & Research
AA,Alcoa Corporation,Materials,Aluminum
AAAU,Goldman Sachs Physical Gold ETF Shares,Materials,
AAL,American Airlines Group Inc.,Industrials,Airlines
AAOI,"Applied Optoelectronics, Inc.",Technology,Communication Equipment
AAON,"AAON, Inc.",Industrials,Building Products & Equipment
AAP,,Consumer Discretionary,
AAPL,Apple Inc.,Technology,Consumer Electronics
AAPU,Direxion Daily AAPL Bull 2X Shares,,
AAXJ,iShares MSCI All Country Asia ex Japan ETF,,
ABBV,AbbVie Inc.,Healthcare,Drug Manufacturers - General
ABNB,"Airbnb, Inc.",Consumer Discretionary,Travel Services
ABT,Abbott Laboratories,Healthcare,Medical Devices
ACGL,Arch Capital Group Ltd.,Financials,Insurance - Diversified
ACHR,Archer Aviation Inc.,Defense,Aerospace & Defense
ACI,,Consumer Staples,
ACLX,"Arcellx, Inc.",Biotech,Biotechnology
ACM,AECOM,Industrials,Engineering & Construction
ACMR,"ACM Research, Inc.",Semiconductors,Semiconductor Equipment & Materials
ACN,Accenture plc,Technology,Information Technology Services
ACWI,iShares MSCI ACWI ETF,,
ACWX,iShares MSCI ACWI ex U.S. ETF,,
ADBE,Adobe Inc.,Technology,Software - Application
ADC,Agree Realty Corporation,Real Estate,REIT - Retail
ADI,"Analog Devices, Inc.",Semiconductors,Semiconductors
ADM,Archer-Daniels-Midland Company,Consumer Staples,Farm Products
ADP,"Automatic Data Processing, Inc.",Technology,Software - Application
ADSK,"Autodesk, Inc.",Technology,Software - Application
AEE,Ameren Corporation,Utilities,Utilities - Regulated Electric
AEIS,"Advanced Energy Industries, Inc.",Industrials,Electrical Equipment & Parts
AEM,Agnico Eagle Mines Limited,Materials,Gold
AEO,"American Eagle Outfitters, Inc.",Consumer Discretionary,Apparel Retail
AEP,"American Electric Power Company, Inc.",Utilities,Utilities - Regulated Electric
AER,AerCap Holdings N.V.,Industrials,Rental & Leasing Services
AES,The AES Corporation,Utilities,Utilities - Diversified
AEVA,"Aeva Technologies, Inc.",Technology,Software - Infrastructure
AFG,"American Financial Group, Inc.",Financials,Insurance - Property & Casualty
AFL,Aflac Incorporated,Financials,Insurance - Life
AFRM,"Affirm Holdings, Inc.",Financials,Credit Services
AG,First Majestic Silver Corp.,Materials,Silver
AGCO,AGCO Corporation,Industrials,Farm & Heavy Construction Machinery
AGG,iShares Core U.S. Aggregate Bond ETF,,
AGI,Alamos Gold Inc.,Materials,Gold
AGNC,AGNC Investment Corp.,Real Estate,REIT - Mortgage
AGQ,ProShares Ultra Silver,Materials,
AGX,"Argan, Inc.",Industrials,Engineering & Construction
AHR,"American Healthcare REIT, Inc.",Real Estate,REIT - Healthcare Facilities
AI,"C3.ai, Inc.",Technology,Software - Infrastructure
AIG,"American International Group, Inc.",Financials,Insurance - Diversified
AIQ,Global X Artificial Intelligence & Technology ETF,,
AIR,AAR Corp.,Defense,Aerospace & Defense
AIRR,First Trust RBA American Industrial Renaissance ETF,,
AIT,"Applied Industrial Technologies, Inc.",Industrials,Industrial Distribution
AIZ,"Assurant, Inc.",Financials,Insurance - Property & Casualty
AJG,Arthur J. Gallagher & Co.,Financials,Insurance Brokers
AKAM,"Akamai Technologies, Inc.",Technology,Software - Infrastructure
AKRE,Akre Focus ETF,,
AL,Air Lease Corporation,Industrials,Rental & Leasing Services
ALAB,"Astera Labs, Inc.",Semiconductors,Semiconductors
ALB,Albemarle Corporation,Materials,Specialty Chemicals
ALC,Alcon Inc.,Healthcare,Medical Instruments & Supplies
ALGM,"Allegro MicroSystems, Inc.",Semiconductors,Semiconductors
ALGN,"Align Technology, Inc.",Healthcare,Medical Instruments & Supplies
ALHC,"Alignment Healthcare, Inc.",Healthcare,Healthcare Plans
ALK,"Alaska Air Group, Inc.",Industrials,Airlines
ALKS,Alkermes plc,Healthcare,Drug Manufacturers - Specialty & Generic
ALL,The Allstate Corporation,Financials,Insurance - Property & Casualty
ALLE,Allegion plc,Industrials,Security & Protection Services
ALLY,Ally Financial Inc.,Financials,Credit Services
ALMS,Alumis Inc.,Biotech,Biotechnology
ALNY,"Alnylam Pharmaceuticals, Inc.",Biotech,Biotechnology
ALSN,"Allison Transmission Holdings, Inc.",Consumer Discretionary,Auto Parts
ALV,"Autoliv, Inc.",Consumer Discretionary,Auto Parts
AMAT,"Applied Materials, Inc.",Semiconductors,Semiconductor Equipment & Materials
AMBA,"Ambarella, Inc.",Semiconductors,Semiconductor Equipment & Materials
AMC,"AMC Entertainment Holdings, Inc.",Communication Services,Entertainment
AMCR,Amcor plc,Consumer Discretionary,Packaging & Containers
AMD,"Advanced Micro Devices, Inc.",Semiconductors,Semiconductors
AMDD,Direxion Daily AMD Bear 1X Shares,,
AMDL,GraniteShares 2x Long AMD Daily ETF,,
AME,"AMETEK, Inc.",Industrials,Specialty Industrial Machinery
AMG,"Affiliated Managers Group, Inc.",Financials,Asset Management
AMGN,Amgen Inc.,Healthcare,Drug Manufacturers - General
AMH,American Homes 4 Rent,Real Estate,REIT - Residential
AMKR,"Amkor Technology, Inc.",Semiconductors,Semiconductor Equipment & Materials
AMLP,Alerian MLP ETF,,
AMP,"Ameriprise Financial, Inc.",Financials,Asset Management
AMPX,"Amprius Technologies, Inc.",Industrials,Electrical Equipment & Parts
AMR,"Alpha Metallurgical Resources, Inc.",Materials,Coking Coal
AMRZ,Amrize Ltd,Materials,Building Materials
AMT,American Tower Corporation,Real Estate,REIT - Specialty
AMTM,"Amentum Holdings, Inc.",Industrials,Specialty Business Services
AMZN,"Amazon.com, Inc.",Consumer Discretionary,Internet Retail
AMZU,Direxion Daily AMZN Bull 2X Shares,,
AN,"AutoNation, Inc.",Consumer Discretionary,Auto & Truck Dealerships
ANET,"Arista Networks, Inc.",Technology,Computer Hardware
ANF,Abercrombie & Fitch Co.,Consumer Discretionary,Apparel Retail
AON,Aon plc,Financials,Insurance Brokers
AOS,A. O. Smith Corporation,Industrials,Specialty Industrial Machinery
APA,APA Corporation,Energy,Oil & Gas E&P
APD,"Air Products and Chemicals, Inc.",Materials,Specialty Chemicals
APG,APi Group Corporation,Industrials,Engineering & Construction
APGE,"Apogee Therapeutics, Inc.",Biotech,Biotechnology
APH,Amphenol Corporation,Technology,Electronic Components
APLD,Applied Digital Corporation,Technology,Information Technology Services
APLS,"Apellis Pharmaceuticals, Inc.",Biotech,Biotechnology
APO,"Apollo Global Management, Inc.",Financials,Asset Management
APP,AppLovin Corporation,Communication Services,Advertising Agencies
APPF,"AppFolio, Inc.",Technology,Software - Application
APTV,Aptiv PLC,Consumer Discretionary,Auto Parts
AR,Antero Resources Corporation,Energy,Oil & Gas E&P
ARCC,,Financials,
ARE,"Alexandria Real Estate Equities, Inc.",Real Estate,REIT - Office
ARES,Ares Management Corporation,Financials,Asset Management
ARKB,ARK 21Shares Bitcoin ETF,Crypto,
ARKG,ARK Genomic Revolution ETF,,
ARKK,ARK Innovation ETF,,
ARMK,Aramark,Industrials,Specialty Business Services
ARR,"ARMOUR Residential REIT, Inc.",Real Estate,REIT - Mortgage
ARRY,"Array Technologies, Inc.",Energy Transition,Solar
ARWR,"Arrowhead Pharmaceuticals, Inc.",Biotech,Biotechnology
AS,,Consumer Discretionary,
ASB,Associated Banc-Corp,Financials,Banks - Regional
ASHR,Xtrackers Harvest CSI 300 China A-Shares ETF,,
ASM,Avino Silver & Gold Mines Ltd.,Materials,Other Precious Metals & Mining
ASML,ASML Holding N.V.,Semiconductors,Semiconductor Equipment & Materials
ASO,,Consumer Discretionary,
ASST,"Strive Asset Management, LLC",Financials,Asset Management
ASTS,"AST SpaceMobile, Inc.",Technology,Communication Equipment
ASTX,Tradr 2X Long ASTS Daily ETF,,
ATEC,"Alphatec Holdings, Inc.",Healthcare,Medical Devices
ATI,ATI Inc.,Industrials,Metal Fabrication
ATO,Atmos Energy Corporation,Energy,Utilities - Regulated Gas
ATRO,Astronics Corporation,Defense,Aerospace & Defense
AU,AngloGold Ashanti plc,Materials,Gold
AUR,"Aurora Innovation, Inc.",Technology,Information Technology Services
AVAV,"AeroVironment, Inc.",Defense,Aerospace & Defense
AVDE,Avantis International Equity ETF,,
AVDV,Avantis International Small Cap Value ETF,,
AVEM,Avantis Emerging Markets Equity ETF,,
AVGO,Broadcom Inc.,Semiconductors,Semiconductors
AVTR,"Avantor, Inc.",Healthcare,Medical Instruments & Supplies
AVUV,Avantis U.S. Small Cap Value ETF,,
AVY,Avery Dennison Corporation,Consumer Discretionary,Packaging & Containers
AWI,"Armstrong World Industries, Inc.",Industrials,Building Products & Equipment
AWK,"American Water Works Company, Inc.",Utilities,Utilities - Regulated Water
AXON,"Axon Enterprise, Inc.",Defense,Aerospace & Defense
AXP,American Express Company,Financials,Credit Services
AXS,AXIS Capital Holdings Limited,Financials,Insurance - Specialty
AXSM,"Axsome Therapeutics, Inc.",Biotech,Biotechnology
AXTA,Axalta Coating Systems Ltd.,Materials,Specialty Chemicals
AXTI,"AXT, Inc.",Semiconductors,Semiconductor Equipment & Materials
AYI,Acuity Inc.,Industrials,Electrical Equipment & Parts
AZO,"AutoZone, Inc.",Consumer Discretionary,Auto Parts
B,Barrick Mining Corporation,Materials,Gold
BA,The Boeing Company,Defense,Aerospace & Defense
BAC,Bank of America Corporation,Financials,Banks - Diversified
BAH,Booz Allen Hamilton Holding Corporation,Industrials,Consulting Services
BALL,Ball Corporation,Consumer Discretionary,Packaging & Containers
BAM,Brookfield Asset Management Ltd.,Financials,Asset Management
BAP,Credicorp Ltd.,Financials,Banks - Regional
BAX,Baxter International Inc.,Healthcare,Medical Instruments & Supplies
BBAI,"BigBear.ai Holdings, Inc.",Technology,Information Technology Services
BBIO,"BridgeBio Pharma, Inc.",Biotech,Biotechnology
BBJP,JPMorgan BetaBuilders Japan ETF,,
BBWI,"Bath & Body Works, Inc.",Consumer Discretionary,Specialty Retail
BBY,"Best Buy Co., Inc.",Consumer Discretionary,Specialty Retail
BC,Brunswick Corporation,Consumer Discretionary,Recreational Vehicles
BCE,BCE Inc.,Communication Services,Telecom Services
BCS,Barclays PLC,Financials,Banks - Diversified
BDX,"Becton, Dickinson and Company",Healthcare,Medical Instruments & Supplies
BE,Bloom Energy Corporation,Industrials,Electrical Equipment & Parts
BEAM,Beam Therapeutics Inc.,Biotech,Biotechnology
BEN,"Franklin Resources, Inc.",Financials,Asset Management
BF-B,Brown-Forman Corporation,Consumer Staples,Beverages - Wineries & Distilleries
BF.B,,Consumer Staples,Beverages - Wineries & Distilleries
BFAM,,Consumer Discretionary,
BFH,"Bread Financial Holdings, Inc.",Financials,Credit Services
BG,Bunge Global SA,Consumer Staples,Farm Products
BHF,,Financials,
BIIB,Biogen Inc.,Healthcare,Drug Manufacturers - General
BIL,State Street SPDR Bloomberg 1-3 Month T-Bill ETF,,
BILL,"BILL Holdings, Inc.",Technology,Software - Application
BINC,iShares Flexible Income Active ETF,,
BIO,"Bio-Rad Laboratories, Inc.",Healthcare,Medical Devices
BIRK,Birkenstock Holding plc,Consumer Discretionary,Footwear & Accessories
BITB,Bitwise Bitcoin ETF,Crypto,
BITF,Bitfarms Ltd.,Financials,Capital Markets
BITO,ProShares Bitcoin ETF,Crypto,
BITU,ProShares Ultra Bitcoin ETF,Crypto,
BITX,2x Bitcoin Strategy ETF,Crypto,
BIV,Vanguard Intermediate-Term Bond ETF,,
BJ,"BJ's Wholesale Club Holdings, Inc.",Consumer Staples,Discount Stores
BK,The Bank of New York Mellon Corporation,Financials,Banks - Diversified
BKH,Black Hills Corporation,Energy,Utilities - Regulated Gas
BKLN,Invesco Senior Loan ETF,,
BKNG,Booking Holdings Inc.,Consumer Discretionary,Travel Services
BKR,Baker Hughes Company,Energy,Oil & Gas Equipment & Services
BLD,TopBuild Corp.,Industrials,Engineering & Construction
BLDR,"Builders FirstSource, Inc.",Industrials,Building Products & Equipment
BLK,"BlackRock, Inc.",Financials,Asset Management
BLSH,Bullish,Technology,Software - Infrastructure
BLV,Vanguard Long-Term Bond ETF,,
BMNR,"Bitmine Immersion Technologies, Inc.",Financials,Capital Markets
BMNU,T-REX 2X Long BMNR Daily Target ETF,,
BMNZ,Defiance Daily Target 2X Short BMNR ETF,,
BMO,Bank of Montreal,Financials,Banks - Diversified
BMRN,BioMarin Pharmaceutical Inc.,Biotech,Biotechnology
BMY,Bristol-Myers Squibb Company,Healthcare,Drug Manufacturers - General
BN,Brookfield Corporation,Financials,Asset Management
BNAI,"Brand Engagement Network, Inc.",Technology,Software - Infrastructure
BND,Vanguard Total Bond Market ETF,,
BNDX,Vanguard Total International Bond ETF,,
BNS,,Financials,
BOIL,ProShares Ultra Bloomberg Natural Gas,Energy,
BOOT,"Boot Barn Holdings, Inc.",Consumer Discretionary,Apparel Retail
BOX,"Box, Inc.",Technology,Software - Infrastructure
BOXX,Alpha Architect 1-3 Month Box ETF,,
BP,BP p.l.c.,Energy,Oil & Gas Integrated
BPOP,"Popular, Inc.",Financials,Banks - Regional
BR,"Broadridge Financial Solutions, Inc.",Technology,Information Technology Services
BRBR,"BellRing Brands, Inc.",Consumer Staples,Packaged Foods
BRK-A,Berkshire Hathaway Inc.,Financials,Insurance - Diversified
BRK-B,Berkshire Hathaway Inc.,Financials,Insurance - Diversified
BRK.A,,Financials,Insurance - Diversified
BRK.B,,Financials,Insurance - Diversified
BRKR,Bruker Corporation,Healthcare,Medical Devices
BRO,"Brown & Brown, Inc.",Financials,Insurance Brokers
BROS,Dutch Bros Inc.,Consumer Discretionary,Restaurants
BRX,Brixmor Property Group Inc.,Real Estate,REIT - Retail
BRZE,"Braze, Inc.",Technology,Software - Application
BSV,Vanguard Short-Term Bond ETF,,
BSX,Boston Scientific Corporation,Healthcare,Medical Devices
BSY,"Bentley Systems, Incorporated",Technology,Software - Application
BTBT,"Bit Digital, Inc.",Financials,Capital Markets
BTC,Grayscale Bitcoin Mini Trust (BTC),Crypto,
BTCZ,T-Rex 2X Inverse Bitcoin Daily Target ETF,Crypto,
BTDR,Bitdeer Technologies Group,Technology,Software - Application
BTE,Baytex Energy Corp.,Energy,Oil & Gas E&P
BTG,B2Gold Corp.,Materials,Gold
BTGO,,Financials,
BTI,British American Tobacco p.l.c.,Consumer Staples,Tobacco
BTU,Peabody Energy Corporation,Energy,Thermal Coal
BUD,Anheuser-Busch InBev SA/NV,Consumer Staples,Beverages - Brewers
BULL,Webull Corporation,Technology,Software - Application
BULZ,MicroSectors FANG & Innovation 3x Leveraged ETN,,
BURL,"Burlington Stores, Inc.",Consumer Discretionary,Apparel Retail
BVN,Compañía de Minas Buenaventura S.A.A.,Materials,Other Precious Metals & Mining
BWA,BorgWarner Inc.,Consumer Discretionary,Auto Parts
BWXT,"BWX Technologies, Inc.",Defense,Aerospace & Defense
BX,Blackstone Inc.,Financials,Asset Management
BXP,"BXP, Inc.",Real Estate,REIT - Office
BYD,Boyd Gaming Corporation,Consumer Discretionary,Resorts & Casinos
BYND,"Beyond Meat, Inc.",Consumer Staples,Packaged Foods
BZ,Kanzhun Limited,Communication Services,Internet Content & Information
C,Citigroup Inc.,Financials,Banks - Diversified
CACC,Credit Acceptance Corporation,Financials,Credit Services
CACI,CACI International Inc,Technology,Information Technology Services
CADE,Cadence Bank,Financials,Banks - Regional
CAG,"Conagra Brands, Inc.",Consumer Staples,Packaged Foods
CAH,"Cardinal Health, Inc.",Healthcare,Medical Distribution
CAI,"Caris Life Sciences, Inc.",Biotech,Biotechnology
CAKE,The Cheesecake Factory Incorporated,Consumer Discretionary,Restaurants
CALF,Pacer US Small Cap Cash Cows ETF,,
CALM,"Cal-Maine Foods, Inc.",Consumer Staples,Farm Products
CAMT,Camtek Ltd.,Semiconductors,Semiconductor Equipment & Materials
CAR,"Avis Budget Group, Inc.",Industrials,Rental & Leasing Services
CARR,Carrier Global Corporation,Industrials,Building Products & Equipment
CART,Maplebear Inc.,Consumer Discretionary,Internet Retail
CASY,"Casey's General Stores, Inc.",Consumer Discretionary,Specialty Retail
CAT,Caterpillar Inc.,Industrials,Farm & Heavy Construction Machinery
CAVA,"CAVA Group, Inc.",Consumer Discretionary,Restaurants
CB,Chubb Limited,Financials,Insurance - Property & Casualty
CBOE,,Financials,
CBRE,"CBRE Group, Inc.",Real Estate,Real Estate Services
CBRL,"Cracker Barrel Old Country Store, Inc.",Consumer Discretionary,Restaurants
CBSH,"Commerce Bancshares, Inc.",Financials,Banks - Regional
CCC,CCC Intelligent Solutions Holdings Inc.,Technology,Software - Application
CCEP,Coca-Cola Europacific Partners PLC,Consumer Staples,Beverages - Non-Alcoholic
CCI,Crown Castle Inc.,Real Estate,REIT - Specialty
CCJ,Cameco Corporation,Energy,Uranium
CCK,"Crown Holdings, Inc.",Consumer Discretionary,Packaging & Containers
CCL,Carnival Corporation & plc,Consumer Discretionary,Travel Services
CDE,"Coeur Mining, Inc.",Materials,Gold
CDNS,"Cadence Design Systems, Inc.",Technology,Software - Application
CDW,CDW Corporation,Technology,Information Technology Services
CE,Celanese Corporation,Materials,Chemicals
CEF,Sprott Physical Gold and Silver Trust Units,Materials,
CEG,Constellation Energy Corporation,Utilities,Utilities - Independent Power Producers
CELC,Celcuity Inc.,Biotech,Biotechnology
CELH,"Celsius Holdings, Inc.",Consumer Staples,Beverages - Non-Alcoholic
CENX,Century Aluminum Company,Materials,Aluminum
CF,"CF Industries Holdings, Inc.",Materials,Agricultural Inputs
CFG,"Citizens Financial Group, Inc.",Financials,Banks - Regional
CFLT,"Confluent, Inc.",Technology,Software - Infrastructure
CFR,"Cullen/Frost Bankers, Inc.",Financials,Banks - Regional
CG,The Carlyle Group Inc.,Financials,Asset Management
CGDV,Capital Group Dividend Value ETF,,
CGGR,Capital Group Growth ETF,,
CGNX,Cognex Corporation,Technology,Scientific & Technical Instruments
CGON,"CG Oncology, Inc.",Biotech,Biotechnology
CHD,"Church & Dwight Co., Inc.",Consumer Staples,Household & Personal Products
CHDN,Churchill Downs Incorporated,Consumer Discretionary,Gambling
CHE,Chemed Corporation,Healthcare,Medical Care Facilities
CHH,"Choice Hotels International, Inc.",Consumer Discretionary,Lodging
CHKP,Check Point Software Technologies Ltd.,Technology,Software - Infrastructure
CHRD,Chord Energy Corporation,Energy,Oil & Gas E&P
CHRW,"C.H. Robinson Worldwide, Inc.",Logistics,Integrated Freight & Logistics
CHTR,"Charter Communications, Inc.",Communication Services,Telecom Services
CHWY,"Chewy, Inc.",Consumer Discretionary,Internet Retail
CHYM,"Chime Financial, Inc.",Technology,Software - Application
CI,The Cigna Group,Healthcare,Healthcare Plans
CIBR,First Trust NASDAQ Cybersecurity ETF,,
CIEN,Ciena Corporation,Technology,Communication Equipment
CIFR,Cipher Mining Inc.,Materials,Capital Markets
CINF,Cincinnati Financial Corporation,Financials,Insurance - Property & Casualty
CL,Colgate-Palmolive Company,Consumer Staples,Household & Personal Products
CLF,Cleveland-Cliffs Inc.,Materials,Steel
CLH,"Clean Harbors, Inc.",Industrials,Waste Management
CLS,Celestica Inc.,Technology,Electronic Components
CLSK,"CleanSpark, Inc.",Financials,Capital Markets
CLX,The Clorox Company,Consumer Staples,Household & Personal Products
CM,Canadian Imperial Bank of Commerce,Financials,Banks - Diversified
CMA,Comerica Incorporated,Financials,Banks - Regional
CMC,Commercial Metals Company,Materials,Steel
CMCSA,Comcast Corporation,Communication Services,Telecom Services
CME,CME Group Inc.,Financials,Financial Data & Stock Exchanges
CMG,"Chipotle Mexican Grill, Inc.",Semiconductors,Restaurants
CMI,Cummins Inc.,Industrials,Specialty Industrial Machinery
CMS,CMS Energy Corporation,Utilities,Utilities - Regulated Electric
CNC,Centene Corporation,Healthcare,Healthcare Plans
CNH,CNH Industrial N.V.,Industrials,Farm & Heavy Construction Machinery
CNI,Canadian National Railway Company,Industrials,Railroads
CNK,"Cinemark Holdings, Inc.",Communication Services,Entertainment
CNM,"Core & Main, Inc.",Industrials,Industrial Distribution
CNP,"CenterPoint Energy, Inc.",Utilities,Utilities - Regulated Electric
CNQ,Canadian Natural Resources Limited,Energy,Oil & Gas E&P
CNR,"Core Natural Resources, Inc.",Energy,Thermal Coal
CNX,CNX Resources Corporation,Energy,Oil & Gas E&P
COF,Capital One Financial Corporation,Financials,Credit Services
COGT,"Cogent Biosciences, Inc.",Biotech,Biotechnology
COHR,Coherent Corp.,Technology,Scientific & Technical Instruments
COIN,"Coinbase Global, Inc.",Financials,Financial Data & Stock Exchanges
COKE,"Coca-Cola Consolidated, Inc.",Consumer Staples,Beverages - Non-Alcoholic
COLB,"Columbia Banking System, Inc.",Financials,Banks - Regional
COLD,,Real Estate,
COMP,"Compass, Inc.",Real Estate,Real Estate Services
CONL,GraniteShares 2x Long COIN Daily ETF,,
COO,"The Cooper Companies, Inc.",Healthcare,Medical Instruments & Supplies
COP,ConocoPhillips,Energy,Oil & Gas E&P
COPX,Global X Copper Miners ETF,Materials,
COR,"Cencora, Inc.",Healthcare,Medical Distribution
CORT,Corcept Therapeutics Incorporated,Biotech,Biotechnology
CORZ,"Core Scientific, Inc.",Technology,Software - Infrastructure
COST,Costco Wholesale Corporation,Consumer Staples,Discount Stores
COWZ,Pacer US Cash Cows 100 ETF,,
CP,Canadian Pacific Kansas City Limited,Industrials,Railroads
CPAY,"Corpay, Inc.",Technology,Software - Infrastructure
CPB,The Campbell's Company,Consumer Staples,Packaged Foods
CPER,United States Copper Index Fund ETV,Materials,
CPNG,"Coupang, Inc.",Consumer Discretionary,Internet Retail
CPRI,Capri Holdings Limited,Consumer Discretionary,Luxury Goods
CPRT,"Copart, Inc.",Industrials,Specialty Business Services
CPT,,Real Estate,
CQQQ,Invesco China Technology ETF,,
CR,Crane Company,Industrials,Specialty Industrial Machinery
CRBG,"Corebridge Financial, Inc.",Financials,Asset Management
CRCL,Circle Internet Group,Financials,Capital Markets
CRDO,Credo Technology Group Holding Ltd,Semiconductors,Semiconductors
CRH,CRH plc,Materials,Building Materials
CRK,"Comstock Resources, Inc.",Energy,Oil & Gas E&P
CRL,"Charles River Laboratories International, Inc.",Healthcare,Diagnostics & Research
CRM,"Salesforce, Inc.",Technology,Software - Application
CRML,Critical Metals Corp.,Materials,Other Industrial Metals & Mining
CRNX,"Crinetics Pharmaceuticals, Inc.",Biotech,Biotechnology
CROX,"Crocs, Inc.",Consumer Discretionary,Footwear & Accessories
CRS,Carpenter Technology Corporation,Industrials,Metal Fabrication
CRSP,CRISPR Therapeutics AG,Biotech,Biotechnology
CRUS,"Cirrus Logic, Inc.",Semiconductors,Semiconductors
CRVS,"Corvus Pharmaceuticals, Inc.",Biotech,Biotechnology
CRWD,"CrowdStrike Holdings, Inc.",Technology,Software - Infrastructure
CRWG,Leverage Shares 2X Long CRWV Daily ETF,,
CRWV,"CoreWeave, Inc.",Technology,Software - Infrastructure
CSCO,"Cisco Systems, Inc.",Technology,Communication Equipment
CSGP,"CoStar Group, Inc.",Real Estate,Real Estate Services
CSIQ,Canadian Solar Inc.,Energy Transition,Solar
CSL,Carlisle Companies Incorporated,Industrials,Building Products & Equipment
CSX,CSX Corporation,Industrials,Railroads
CTAS,Cintas Corporation,Industrials,Specialty Business Services
CTRA,Coterra Energy Inc.,Energy,Oil & Gas E&P
CTRE,,Real Estate,
CTSH,Cognizant Technology Solutions Corporation,Technology,Information Technology Services
CTVA,"Corteva, Inc.",Materials,Agricultural Inputs
CUBE,CubeSmart,Real Estate,REIT - Industrial
CUK,Carnival Corporation & plc,Consumer Discretionary,Travel Services
CVCO,"Cavco Industries, Inc.",Consumer Discretionary,Residential Construction
CVE,Cenovus Energy Inc.,Energy,Oil & Gas Integrated
CVLT,"Commvault Systems, Inc.",Technology,Software - Application
CVNA,Carvana Co.,Consumer Discretionary,Auto & Truck Dealerships
CVS,CVS Health Corporation,Healthcare,Healthcare Plans
CVX,Chevron Corporation,Energy,Oil & Gas Integrated
CW,,Industrials,
CWAN,"Clearwater Analytics Holdings, Inc.",Technology,Software - Application
CWB,State Street SPDR Bloomberg Convertible Securities ETF,,
CWST,"Casella Waste Systems, Inc.",Industrials,Waste Management
CWVX,Tradr 2X Long CRWV Daily ETF,,
CX,"CEMEX, S.A.B. de C.V.",Materials,Building Materials
CYBR,CyberArk Software Ltd.,Technology,Software - Infrastructure
CYTK,"Cytokinetics, Incorporated",Biotech,Biotechnology
CZR,"Caesars Entertainment, Inc.",Consumer Discretionary,Resorts & Casinos
D,"Dominion Energy, Inc.",Utilities,Utilities - Regulated Electric
DAL,"Delta Air Lines, Inc.",Industrials,Airlines
DAR,Darling Ingredients Inc.,Consumer Staples,Packaged Foods
DASH,"DoorDash, Inc.",Consumer Discretionary,Internet Retail
DAVE,Dave Inc.,Technology,Software - Application
DAY,"Dayforce, Inc.",Technology,Software - Application
DB,Deutsche Bank Aktiengesellschaft,Financials,Banks - Regional
DBRG,"DigitalBridge Group, Inc.",Financials,Asset Management
DBX,"Dropbox, Inc.",Technology,Software - Infrastructure
DCI,"Donaldson Company, Inc.",Industrials,Specialty Industrial Machinery
DD,"DuPont de Nemours, Inc.",Materials,Specialty Chemicals
DDOG,"Datadog, Inc.",Technology,Software - Application
DDS,"Dillard's, Inc.",Consumer Discretionary,Department Stores
DE,Deere & Company,Industrials,Farm & Heavy Construction Machinery
DECK,Deckers Outdoor Corporation,Consumer Discretionary,Footwear & Accessories
DELL,Dell Technologies Inc.,Technology,Computer Hardware
DEO,Diageo plc,Consumer Staples,Beverages - Wineries & Distilleries
DFAC,Dimensional U.S. Core Equity 2 ETF,,
DFAI,Dimensional International Core Equity Market ETF,,
DFIV,Dimensional International Value ETF,,
DG,Dollar General Corporation,Consumer Staples,Discount Stores
DGRO,iShares Core Dividend Growth ETF,,
DGRW,WisdomTree U.S. Quality Dividend Growth Fund,,
DGX,Quest Diagnostics Incorporated,Healthcare,Diagnostics & Research
DHI,"D.R. Horton, Inc.",Consumer Discretionary,Residential Construction
DHR,Danaher Corporation,Healthcare,Diagnostics & Research
DIA,SPDR Dow Jones Industrial Average ETF,,
DINO,HF Sinclair Corporation,Energy,Oil & Gas Refining & Marketing
DIS,The Walt Disney Company,Communication Services,Entertainment
DJCO,Daily Journal Corporation,Technology,Software - Application
DJT,Trump Media & Technology Group Corp.,Communication Services,Internet Content & Information
DKNG,DraftKings Inc.,Consumer Discretionary,Gambling
DKS,"DICK'S Sporting Goods, Inc.",Consumer Discretionary,Specialty Retail
DLR,,Real Estate,
DLTR,"Dollar Tree, Inc.",Consumer Staples,Discount Stores
DNN,Denison Mines Corp.,Energy,Uranium
DOC,"Healthpeak Properties, Inc.",Real Estate,REIT - Healthcare Facilities
DOCN,"DigitalOcean Holdings, Inc.",Technology,Software - Infrastructure
DOCS,"Doximity, Inc.",Healthcare,Health Information Services
DOCU,"DocuSign, Inc.",Technology,Software - Application
DOG,ProShares Short Dow30,,
DOV,Dover Corporation,Industrials,Specialty Industrial Machinery
DOW,Dow Inc.,Materials,Chemicals
DOX,Amdocs Limited,Technology,Software - Infrastructure
DPZ,"Domino's Pizza, Inc.",Consumer Discretionary,Restaurants
DRI,"Darden Restaurants, Inc.",Consumer Discretionary,Restaurants
DRIP,Direxion Daily S&P Oil & Gas Exp. & Prod. Bear 2X Shares,Energy,
DT,"Dynatrace, Inc.",Technology,Software - Application
DTE,DTE Energy Company,Utilities,Utilities - Regulated Electric
DTM,"DT Midstream, Inc.",Energy,
DUK,Duke Energy Corporation,Utilities,
DUOL,"Duolingo, Inc.",Technology,
DUST,Direxion Daily Gold Miners Index Bear 2X Shares,Materials,
DVA,DaVita Inc.,Healthcare,
DVAX,Dynavax Technologies Corporation,,
DVLT,Datavault AI Inc.,Technology,
DVN,Devon Energy Corporation,Energy,
DVY,iShares Select Dividend ETF,,
DX,"Dynex Capital, Inc.",Real Estate,
DXCM,"DexCom, Inc.",Healthcare,
DXJ,WisdomTree Japan Hedged Equity Fund,,
DY,"Dycom Industries, Inc.",Industrials,
DYNF,iShares U.S. Equity Factor Rotation Active ETF,,
EA,,Communication Services,
EAT,"Brinker International, Inc.",Consumer Discretionary,
EBAY,eBay Inc.,Consumer Discretionary,
ECG,"Everus Construction Group, Inc.",Industrials,
ECL,Ecolab Inc.,Materials,
ED,"Consolidated Edison, Inc.",Utilities,
EDV,Vanguard Extended Duration Treasury ETF,,
EEM,iShares MSCI Emerging Index Fund,,
EFA,iShares MSCI EAFE ETF,,
EFG,iShares MSCI EAFE Growth ETF,,
EFV,iShares MSCI EAFE Value ETF,,
EFX,Equifax Inc.,Industrials,
EG,"Everest Group, Ltd.",Financials,
EGO,Eldorado Gold Corporation,Materials,
EGP,"EastGroup Properties, Inc.",Real Estate,
EHC,Encompass Health Corporation,Healthcare,
EIX,Edison International,Utilities,
EKSO,"Ekso Bionics Holdings, Inc.",Healthcare,
EL,The Estée Lauder Companies Inc.,Consumer Staples,
ELAN,Elanco Animal Health Incorporated,Healthcare,
ELF,"e.l.f. Beauty, Inc.",Consumer Staples,
ELS,"Equity LifeStyle Properties, Inc.",Real Estate,
ELV,"Elevance Health, Inc.",Healthcare,
EMB,iShares J.P. Morgan USD Emerging Markets Bond ETF,,
EMBJ,Embraer S.A.,Industrials,
EME,"EMCOR Group, Inc.",Industrials,
EMLC,VanEck J. P. Morgan EM Local Currency Bond ET,,
EMN,Eastman Chemical Company,Materials,
EMR,Emerson Electric Co.,Industrials,
EMXC,iShares MSCI Emerging Markets ex China ETF,,
ENB,Enbridge Inc.,Energy,
ENPH,"Enphase Energy, Inc.",Technology,
ENS,EnerSys,Industrials,
ENSG,"The Ensign Group, Inc.",Healthcare,
ENTG,"Entegris, Inc.",Technology,
EOG,"EOG Resources, Inc.",Energy,
EOSE,"Eos Energy Enterprises, Inc.",Industrials,
EPAM,"EPAM Systems, Inc.",Technology,
EPD,Enterprise Products Partners L.P.,Energy,
EPRT,,Real Estate,
EQH,"Equitable Holdings, Inc.",Financials,
EQIX,"Equinix, Inc.",Real Estate,
EQNR,Equinor ASA,Energy,
EQPT,,Industrials,
EQR,Equity Residential,Real Estate,
EQT,EQT Corporation,Energy,
EQX,Equinox Gold Corp.,Materials,
ERAS,"Erasca, Inc.",Healthcare,
ERO,Ero Copper Corp.,Materials,
ES,Eversource Energy,Utilities,
ESGU,iShares ESG Aware MSCI USA ETF,,
ESLT,Elbit Systems Ltd.,Industrials,
ESS,,Real Estate,
ESTC,Elastic N.V.,Technology,
ETH,Grayscale Ethereum Staking Mini ETF Shares,,
ETHA,iShares Ethereum Trust ETF,,
ETHE,Grayscale Ethereum Staking ETF Shares,,
ETHT,ProShares Ultra Ether ETF,,
ETHU,2x Ether ETF,,
ETN,Eaton Corporation plc,Industrials,
ETR,Entergy Corporation,Utilities,
ETSY,"Etsy, Inc.",Consumer Discretionary,
EVR,Evercore Inc.,Financials,
EVRG,"Evergy, Inc.",Utilities,
EVTV,"Envirotech Vehicles, Inc.",Consumer Discretionary,
EW,Edwards Lifesciences Corporation,Healthcare,
EWA,iShares MSCI Australia Index Fund,,
EWBC,"East West Bancorp, Inc.",Financials,
EWC,iShares MSCI Canada Index Fund,,
EWG,iShares MSCI Germany Index Fund,,
EWH,iShares MSCI Hong Kong Index Fund,,
EWJ,iShares MSCI Japan Index Fund,,
EWT,iShares MSCI Taiwan ETF,,
EWU,iShares MSCI United Kingdom ETF,,
EWW,iShares MSCI Mexico ETF,,
EWY,iShares MSCI South Korea ETF,,
EWZ,iShares MSCI Brazil ETF,,
EXAS,Exact Sciences Corporation,Healthcare,
EXC,Exelon Corporation,Utilities,
EXE,Expand Energy Corporation,Energy,
EXEL,"Exelixis, Inc.",Healthcare,
EXK,Endeavour Silver Corp.,Materials,
EXP,Eagle Materials Inc.,Materials,
EXPD,"Expeditors International of Washington, Inc.",Industrials,
EXPE,"Expedia Group, Inc.",Consumer Discretionary,
EXR,Extra Space Storage Inc.,Real Estate,
EZU,iShares MSCI Eurozone ETF,,
F,Ford Motor Company,Consumer Discretionary,
FAF,First American Financial Corporation,Financials,
FANG,"Diamondback Energy, Inc.",Energy,
FAS,Direxion Financial Bull 3X Shares,,
FAST,Fastenal Company,Industrials,
FBIN,"Fortune Brands Innovations, Inc.",Industrials,
FBND,Fidelity Total Bond ETF,,
FBT,First Trust Amex Biotech Index Fund,Biotech,
FBTC,Fidelity Wise Origin Bitcoin Fund,Crypto,
FCNCA,"First Citizens BancShares, Inc.",Financials,
FCX,Freeport-McMoRan Inc.,Materials,
FDL,First Trust Morningstar ETF,,
FDN,First Trust DJ Internet Index Fund,,
FDS,FactSet Research Systems Inc.,Financials,
FDVV,Fidelity High Dividend ETF,,
FDX,FedEx Corporation,Industrials,
FE,FirstEnergy Corp.,Utilities,
FENI,Fidelity Enhanced International ETF,,
FENY,Fidelity MSCI Energy Index ETF,,
FER,Ferrovial SE,Industrials,
FERG,Ferguson Enterprises Inc.,Industrials,
FETH,Fidelity Ethereum Fund Fidelity Ethereum Fund,,
FEZ,SPDR DJ Euro STOXX 50 Etf,,
FFIV,"F5, Inc.",Technology,
FHN,First Horizon Corporation,Financials,
FICO,Fair Isaac Corporation,Technology,
FIG,"Figma, Inc.",Technology,
FIGR,"Figure Technology Solutions, Inc.",Financials,
FIS,"Fidelity National Information Services, Inc.",Technology,
FISV,"Fiserv, Inc.",,
FITB,Fifth Third Bancorp,Financials,
FIVE,"Five Below, Inc.",Consumer Discretionary,
FIX,"Comfort Systems USA, Inc.",Industrials,
FLEX,Flex Ltd.,Technology,
FLG,"Flagstar Bank, National Association",Financials,
FLNC,"Fluence Energy, Inc.",Utilities,
FLOT,iShares Floating Rate Bond ETF,,
FLR,Fluor Corporation,Industrials,
FLS,Flowserve Corporation,Industrials,
FLUT,Flutter Entertainment plc,Consumer Discretionary,
FLY,Firefly Aerospace Inc.,Defense,
FMC,FMC Corporation,Materials,
FN,Fabrinet,Technology,
FNB,F.N.B. Corporation,Financials,
FND,"Floor & Decor Holdings, Inc.",Consumer Discretionary,
FNDF,Schwab Fundamental International Equity ETF,,
FNDX,Schwab Fundamental U.S. Large Company ETF,,
FNF,"Fidelity National Financial, Inc.",Financials,
FNGD,,,
FNGU,MicroSectors FANG+ 3X Leveraged ETNs,,
FNV,Franco-Nevada Corporation,Materials,
FOLD,"Amicus Therapeutics, Inc.",Biotech,
FORM,"FormFactor, Inc.",Technology,
FOUR,"Shift4 Payments, Inc.",Technology,
FOX,Fox Corporation,Communication Services,
FOXA,Fox Corporation,Communication Services,
FR,,Real Estate,
FRMI,Fermi Inc.,Real Estate,
FRO,Frontline plc,Energy,
FROG,JFrog Ltd.,Technology,
FRPT,"Freshpet, Inc.",Consumer Staples,
FRT,,Real Estate,
FSLR,"First Solar, Inc.",Energy Transition,
FSM,Fortuna Mining Corp.,Materials,
FTAI,FTAI Aviation Ltd.,Industrials,
FTEC,Fidelity MSCI Information Technology Index ETF,,
FTI,TechnipFMC plc,Energy,
FTNT,"Fortinet, Inc.",Technology,
FTS,Fortis Inc.,Utilities,
FTSM,First Trust Enhanced Short Maturity ETF,,
FTV,Fortive Corporation,Technology,
FVD,First Trust VL Dividend,,
FWONK,Formula One Group,Communication Services,
FXI,iShares China Large-Cap ETF,,
FXU,First Trust Utilities AlphaDEX Fund,,
FYBR,"Frontier Communications Parent, Inc.",,
G,Genpact Limited,Technology,
GAP,"The Gap, Inc.",Consumer Discretionary,
GBIL,Goldman Sachs Access Treasury 0-1 Year ETF,Materials,
GBTC,Grayscale Bitcoin Trust (BTC),Crypto,
GD,General Dynamics Corporation,Industrials,
GDDY,GoDaddy Inc.,Technology,
GDX,VanEck Gold Miners ETF,Materials,
GDXJ,VanEck Junior Gold Miners ETF,Materials,
GDXU,MicroSectors Gold Miners 3X Leveraged ETN,Materials,
GE,GE Aerospace,Defense,
GEHC,GE HealthCare Technologies Inc.,Healthcare,
GEN,Gen Digital Inc.,Technology,
GEV,GE Vernova Inc.,Industrials,
GFL,GFL Environmental Inc.,Industrials,
GFS,GLOBALFOUNDRIES Inc.,Technology,
GGG,Graco Inc.,Industrials,
GGLL,Direxion Daily GOOGL Bull 2X Shares,,
GH,"Guardant Health, Inc.",Healthcare,
GIL,Gildan Activewear Inc.,Consumer Discretionary,
GILD,"Gilead Sciences, Inc.",Healthcare,
GIS,"General Mills, Inc.",Consumer Staples,
GKOS,Glaukos Corporation,Healthcare,
GL,Globe Life Inc.,Financials,
GLD,SPDR Gold Shares,Materials,
GLDM,SPDR Gold MiniShares Trust,Materials,
GLL,ProShares UltraShort Gold,Materials,
GLOB,Globant S.A.,Technology,
GLPI,"Gaming and Leisure Properties, Inc.",Real Estate,
GLTR,abrdn Physical Precious Metals Basket Shares ETF,,
GLUE,"Monte Rosa Therapeutics, Inc.",Biotech,
GLW,Corning Incorporated,Technology,
GLXY,Galaxy Digital,Financials,
GM,General Motors Company,Consumer Discretionary,
GME,GameStop Corp.,Consumer Discretionary,
GMED,"Globus Medical, Inc.",Healthcare,
GNRC,Generac Holdings Inc.,Industrials,
GNTX,Gentex Corporation,Consumer Discretionary,
GOOG,Alphabet Inc.,Communication Services,
GOOGL,Alphabet Inc.,Communication Services,
GOVT,iShares U.S. Treasury Bond ETF,,
GPC,,Consumer Discretionary,
GPI,"Group 1 Automotive, Inc.",Consumer Discretionary,
GPIQ,Goldman Sachs Nasdaq-100 Premium Income ETF,Materials,
GPK,Graphic Packaging Holding Company,Consumer Discretionary,
GPN,Global Payments Inc.,Industrials,
GPOR,Gulfport Energy Corporation,Energy,
GRAB,Grab Holdings Limited,Technology,
GRAL,"GRAIL, Inc.",Healthcare,
GRID,First Trust NASDAQ Clean Edge Smart Grid Infrastructure Index Fund,,
GRMN,Garmin Ltd.,Technology,
GRNY,Fundstrat Granny Shots US Large Cap ETF,,
GS,"The Goldman Sachs Group, Inc.",Materials,
GSLC,Goldman Sachs ActiveBeta U.S. Large Cap Equity ETF,Materials,
GTLB,GitLab Inc.,Technology,
GTLS,"Chart Industries, Inc.",Industrials,
GVA,Granite Construction Incorporated,Industrials,
GWRE,"Guidewire Software, Inc.",Technology,
GWW,"W.W. Grainger, Inc.",Industrials,
GXO,"GXO Logistics, Inc.",Logistics,
H,Hyatt Hotels Corporation,Consumer Discretionary,
HAE,Haemonetics Corporation,Healthcare,
HAL,Halliburton Company,Energy,
HALO,"Halozyme Therapeutics, Inc.",Biotech,
HAS,"Hasbro, Inc.",Consumer Discretionary,
HBAN,Huntington Bancshares Incorporated,Financials,
HBM,Hudbay Minerals Inc.,Materials,
HCA,"HCA Healthcare, Inc.",Healthcare,
HCC,"Warrior Met Coal, Inc.",Materials,
HD,"The Home Depot, Inc.",Consumer Discretionary,
HDB,HDFC Bank Limited,Financials,
HDV,iShares Core High Dividend ETF,,
HE,"Hawaiian Electric Industries, Inc.",Utilities,
HEI,HEICO Corporation,Industrials,
HEI-A,HEICO Corporation,Industrials,
HEI.A,,,
HIG,"The Hartford Insurance Group, Inc.",Financials,
HII,"Huntington Ingalls Industries, Inc.",Industrials,
HIMS,"Hims & Hers Health, Inc.",Healthcare,
HL,Hecla Mining Company,Materials,
HLI,"Houlihan Lokey, Inc.",Financials,
HLNE,Hamilton Lane Incorporated,Financials,
HLT,Hilton Worldwide Holdings Inc.,Consumer Discretionary,
HMY,Harmony Gold Mining Company Limited,Materials,
HOG,"Harley-Davidson, Inc.",Consumer Discretionary,
HOLX,"Hologic, Inc.",Healthcare,
HON,Honeywell International Inc.,Industrials,
HOOD,"Robinhood Markets, Inc.",Financials,
HPE,Hewlett Packard Enterprise Company,Technology,
HPQ,HP Inc.,Technology,
HQY,"HealthEquity, Inc.",Healthcare,
HRB,"H&R Block, Inc.",Consumer Discretionary,
HRI,Herc Holdings Inc.,Industrials,
HRL,Hormel Foods Corporation,Consumer Staples,
HSBC,HSBC Holdings plc,Financials,
HSIC,"Henry Schein, Inc.",Healthcare,
HST,,Real Estate,
HSY,The Hershey Company,Consumer Staples,
HUBB,Hubbell Incorporated,Industrials,
HUBS,"HubSpot, Inc.",Technology,
HUM,Humana Inc.,Healthcare,
HUT,Hut 8 Corp.,Financials,
HWC,Hancock Whitney Corporation,Financials,
HWM,Howmet Aerospace Inc.,Defense,
HXL,Hexcel Corporation,Industrials,
HYD,VanEck High Yield Muni ETF,,
HYG,iShares iBoxx $ High Yield Corporate Bond ETF,,
HYLB,Xtrackers USD High Yield Corporate Bond ETF,,
HYMC,Hycroft Mining Holding Corporation,Materials,
IAG,IAMGOLD Corporation,Materials,
IAGG,iShares International Aggregate Bond Fund,,
IAU,iShares Gold Trust Shares,Materials,
IAUM,iShares Gold Trust Micro Shares,Materials,
IBB,iShares Biotechnology ETF,Biotech,
IBIT,iShares Bitcoin Trust ETF,Crypto,
IBKR,"Interactive Brokers Group, Inc.",Financials,
IBM,International Business Machines Corporation,Technology,
IBN,ICICI Bank Limited,Financials,
IBP,"Installed Building Products, Inc.",Consumer Discretionary,
ICE,"Intercontinental Exchange, Inc.",Financials,
ICLN,iShares Global Clean Energy ETF,,
ICLR,ICON Public Limited Company,Healthcare,
ICSH,iShares Ultra Short Duration Bond Active ETF,,
ICVT,iShares Convertible Bond ETF,,
IDA,"IDACORP, Inc.",Utilities,
IDCC,"InterDigital, Inc.",Technology,
IDEV,iShares Core MSCI International Developed Markets ETF,,
IDXX,"IDEXX Laboratories, Inc.",Healthcare,
IEF,iShares 7-10 Year Treasury Bond ETF,,
IEFA,iShares Core MSCI EAFE ETF,,
IEI,iShares 3-7 Year Treasury Bond ETF,,
IEMG,iShares Core MSCI Emerging Markets ETF,,
IESC,"IES Holdings, Inc.",Industrials,
IEUR,iShares Core MSCI Europe ETF,,
IEX,IDEX Corporation,Industrials,
IFF,International Flavors & Fragrances Inc.,Materials,
IGF,iShares Global Infrastructure ETF,,
IGIB,iShares 5-10 Year Investment Grade Corporate Bond ETF,,
IGLB,iShares 10  Year Investment Grade Corporate Bond ETF,,
IGM,iShares Expanded Tech Sector ETF,,
IGSB,iShares 1-5 Year Investment Grade Corporate Bond ETF,,
IGV,iShares Expanded Tech-Software Sector ETF,,
IHI,iShares U.S. Medical Devices ETF,,
IJH,iShares Core S&P Mid-Cap ETF,,
IJR,iShares Core S&P Small-Cap ETF,,
ILF,iShares Latin America 40 ETF,,
ILMN,"Illumina, Inc.",Healthcare,
IMO,Imperial Oil Limited,Energy,
INBS,Intelligent Bio Solutions Inc.,Healthcare,
INCY,Incyte Corporation,Healthcare,
INDA,iShares MSCI India ETF,,
INDV,Indivior PLC,Healthcare,
INGR,Ingredion Incorporated,Consumer Staples,
INOD,Innodata Inc.,Technology,
INSM,Insmed Incorporated,Healthcare,
INSP,"Inspire Medical Systems, Inc.",Healthcare,
INTC,Intel Corporation,Technology,
INTU,Intuit Inc.,Technology,
INTW,GraniteShares 2x Long INTC Daily ETF,,
INVH,Invitation Homes Inc.,Real Estate,
IONQ,"IonQ, Inc.",Technology,
IONS,"Ionis Pharmaceuticals, Inc.",Biotech,
IONX,Defiance Daily Target 2X Long IONQ ETF,,
IOT,Samsara Inc.,Technology,
IP,International Paper Company,Consumer Discretionary,
IQLT,iShares MSCI Intl Quality Factor ETF,,
IQV,IQVIA Holdings Inc.,Healthcare,
IR,Ingersoll Rand Inc.,Industrials,
IRE,Defiance Daily Target 2X Long IREN ETF,,
IREN,IREN Limited,Financials,
IRM,Iron Mountain Incorporated,Real Estate,
IRTC,"iRhythm Holdings, Inc.",Healthcare,
ISRG,"Intuitive Surgical, Inc.",Healthcare,
IT,"Gartner, Inc.",Technology,
ITA,iShares U.S. Aerospace & Defense ETF,Defense,
ITB,iShares U.S. Home Construction ETF,,
ITOT,iShares Core S&P Total U.S. Stock Market ETF,,
ITT,ITT Inc.,Industrials,
ITW,Illinois Tool Works Inc.,Industrials,
IUSB,iShares Core Universal USD Bond ETF,,
IUSG,iShares Core S&P U.S. Growth ETF,,
IUSV,iShares Core S&P U.S. Value ETF,,
IVE,iShares S&P 500 Value ETF,,
IVV,iShares Core S&P 500 ETF,,
IVW,iShares S&P 500 Growth ETF,,
IVZ,Invesco Ltd.,Financials,
IWB,iShares Russell 1000 ETF,,
IWD,iShares Russell 1000 Value ETF,,
IWF,iShares Russell 1000 Growth Fund,,
IWM,iShares Russell 2000 ETF,,
IWN,iShares Russell 2000 Value ETF,,
IWO,iShares Russell 2000 Growth Fund,,
IWP,iShares Russell Midcap Growth ETF,,
IWR,iShares Russell Mid-Cap ETF,,
IWS,iShares Russell Mid-Cap Value ETF,,
IWV,iShares Russell 3000 Fund,,
IWY,iShares Russell Top 200 Growth ETF,,
IXUS,iShares Core MSCI Total International Stock ETF,,
IYE,iShares U.S. Energy ETF,,
IYF,iShares U.S. Financial ETF,,
IYR,iShares U.S. Real Estate ETF,,
IYW,iShares U.S. Technology ETF,,
J,Jacobs Solutions Inc.,Industrials,
JAAA,Janus Henderson AAA CLO ETF,,
JAZZ,Jazz Pharmaceuticals plc,Biotech,
JBHT,"J.B. Hunt Transport Services, Inc.",Industrials,
JBL,Jabil Inc.,Technology,
JBLU,JetBlue Airways Corporation,Industrials,
JBND,JPMorgan Active Bond ETF,,
JBS,JBS N.V.,Consumer Staples,
JBTM,JBT Marel Corporation,Industrials,
JCI,Johnson Controls International plc,Industrials,
JCPB,JPMorgan Core Plus Bond ETF,,
JDST,Direxion Daily Junior Gold Miners Index Bear 2X Shares,Materials,
JEF,Jefferies Financial Group Inc.,Financials,
JEPI,JPMorgan Equity Premium Income ETF,,
JEPQ,JPMorgan Nasdaq Equity Premium Income ETF,,
JETS,U.S. Global Jets ETF,,
JHG,Janus Henderson Group plc,Financials,
JHX,James Hardie Industries plc,Materials,
JIRE,JPMorgan International Research Enhanced Equity ETF,,
JKHY,"Jack Henry & Associates, Inc.",Technology,
JLL,Jones Lang LaSalle Incorporated,Real Estate,
JMST,JPMorgan Ultra-Short Municipal Income ETF,,
JNJ,Johnson & Johnson,Healthcare,
JNK,State Street SPDR Bloomberg High Yield Bond ETF,,
JNUG,Direxion Daily Junior Gold Miners Index Bull 2X Shares,Materials,
JOBY,"Joby Aviation, Inc.",Industrials,
JPIE,JPMorgan Income ETF,,
JPM,JPMorgan Chase & Co.,Financials,
JPST,JPMorgan Ultra-Short Income ETF,,
KBE,State Street SPDR S&P Bank ETF,,
KBH,KB Home,Consumer Discretionary,
KBR,"KBR, Inc.",Industrials,
KBWB,Invesco KBW Bank ETF,,
KDP,Keurig Dr Pepper Inc.,Consumer Staples,
KEX,Kirby Corporation,Industrials,
KEY,KeyCorp,Financials,
KEYS,"Keysight Technologies, Inc.",Technology,
KGC,Kinross Gold Corporation,Materials,
KHC,The Kraft Heinz Company,Consumer Staples,
KIE,State Street SPDR S&P Insurance ETF,,
KIM,Kimco Realty Corporation,Real Estate,
KKR,KKR & Co. Inc.,Financials,
KLAC,KLA Corporation,Technology,
KLAR,Klarna Group plc,Technology,
KMB,Kimberly-Clark Corporation,Consumer Staples,
KMI,"Kinder Morgan, Inc.",Energy,
KMX,"CarMax, Inc.",Consumer Discretionary,
KNSL,"Kinsale Capital Group, Inc.",Financials,
KNX,Knight-Swift Transportation Holdings Inc.,Logistics,
KO,The Coca-Cola Company,Consumer Staples,
KOLD,ProShares UltraShort Bloomberg Natural Gas,Energy,
KR,The Kroger Co.,Consumer Staples,
KRC,Kilroy Realty Corporation,Real Estate,
KRE,State Street SPDR S&P Regional Banking ETF,,
KRMN,Karman Holdings Inc.,Industrials,
KRYS,"Krystal Biotech, Inc.",Biotech,
KSS,Kohl's Corporation,Consumer Discretionary,
KTOS,"Kratos Defense & Security Solutions, Inc.",Defense,
KVUE,Kenvue Inc.,Consumer Staples,
KVYO,"Klaviyo, Inc.",Technology,
KWEB,KraneShares CSI China Internet ETF,,
KYMR,"Kymera Therapeutics, Inc.",Biotech,
L,Loews Corporation,Financials,
LABD,Direxion Daily S&P Biotech Bear 3X Shares,Biotech,
LABU,Direxion Daily S&P Biotech Bull 3X Shares,Biotech,
LAC,Lithium Americas Corp.,Materials,
LAD,"Lithia Motors, Inc.",Consumer Discretionary,
LAMR,Lamar Advertising Company,Real Estate,
LBRDK,Liberty Broadband Corporation,Communication Services,
LBRT,Liberty Energy Inc.,Energy,
LCID,"Lucid Group, Inc.",Consumer Discretionary,
LDOS,"Leidos Holdings, Inc.",Technology,
LEA,Lear Corporation,Consumer Discretionary,
LECO,"Lincoln Electric Holdings, Inc.",Industrials,
LEN,Lennar Corporation,Consumer Discretionary,
LEU,Centrus Energy Corp.,Energy,
LFUS,"Littelfuse, Inc.",Technology,
LGN,Legence Corp.,Industrials,
LH,Labcorp Holdings Inc.,Healthcare,
LHX,"L3Harris Technologies, Inc.",Industrials,
LIF,"Life360, Inc.",Technology,
LII,Lennox International Inc.,Industrials,
LIN,Linde plc,Materials,
LINE,"Lineage, Inc.",Real Estate,
LITE,Lumentum Holdings Inc.,Technology,
LKQ,LKQ Corporation,Consumer Discretionary,
LLY,Eli Lilly and Company,Healthcare,
LMND,"Lemonade, Inc.",Financials,
LMT,Lockheed Martin Corporation,Industrials,
LNC,Lincoln National Corporation,Financials,
LNG,"Cheniere Energy, Inc.",Energy,
LNT,Alliant Energy Corporation,Utilities,
LNTH,"Lantheus Holdings, Inc.",Healthcare,
LOGI,Logitech International S.A.,Technology,
LOW,"Lowe's Companies, Inc.",Consumer Discretionary,
LPLA,LPL Financial Holdings Inc.,Financials,
LPX,Louisiana-Pacific Corporation,Industrials,
LQD,iShares iBoxx $ Investment Grade Corporate Bond ETF,,
LQDA,Liquidia Corporation,Healthcare,
LRCX,Lam Research Corporation,Technology,
LRN,"Stride, Inc.",Consumer Staples,
LSCC,Lattice Semiconductor Corporation,Semiconductors,
LSTR,"Landstar System, Inc.",Industrials,
LTH,"Life Time Group Holdings, Inc.",Consumer Discretionary,
LULU,lululemon athletica inc.,Consumer Discretionary,
LUMN,"Lumen Technologies, Inc.",Communication Services,
LUNR,"Intuitive Machines, Inc.",Industrials,
LUV,Southwest Airlines Co.,Industrials,
LVS,Las Vegas Sands Corp.,Energy,
LW,"Lamb Weston Holdings, Inc.",Consumer Staples,
LYB,LyondellBasell Industries N.V.,Materials,
LYFT,"Lyft, Inc.",Technology,
LYV,"Live Nation Entertainment, Inc.",Communication Services,
M,"Macy's, Inc.",Consumer Discretionary,
MA,Mastercard Incorporated,Financials,
MAGS,Roundhill Magnificent Seven ETF,,
MANH,"Manhattan Associates, Inc.",Technology,
MAR,"Marriott International, Inc.",Consumer Discretionary,
MARA,"MARA Holdings, Inc.",Financials,
MAS,Masco Corporation,Industrials,
MASI,Masimo Corporation,Healthcare,
MAT,"Mattel, Inc.",Consumer Discretionary,
MBB,iShares MBS ETF,,
MBLY,Mobileye Global Inc.,Consumer Discretionary,
MC,Moelis & Company,Financials,
MCD,McDonald's Corporation,Consumer Discretionary,
MCHI,iShares MSCI China ETF,,
MCHP,Microchip Technology Incorporated,Semiconductors,
MCK,McKesson Corporation,Healthcare,
MCO,Moody's Corporation,Financials,
MDB,"MongoDB, Inc.",Technology,
MDGL,"Madrigal Pharmaceuticals, Inc.",Biotech,
MDLN,Medline Inc.,Healthcare,
MDLZ,"Mondelez International, Inc.",Consumer Staples,
MDT,Medtronic plc,Healthcare,
MDY,SPDR S&P MidCap 400 ETF Trust,,
MEDP,"Medpace Holdings, Inc.",Healthcare,
MELI,"MercadoLibre, Inc.",Consumer Discretionary,
MET,"MetLife, Inc.",Financials,
META,"Meta Platforms, Inc.",Communication Services,
METC,"Ramaco Resources, Inc.",Materials,
METU,Direxion Daily META Bull 2X Shares,,
MFC,Manulife Financial Corporation,Financials,
MGA,Magna International Inc.,Consumer Discretionary,
MGK,Vanguard Mega Cap Growth ETF,,
MGM,,Consumer Discretionary,
MGY,Magnolia Oil & Gas Corporation,Energy,
MHK,"Mohawk Industries, Inc.",Consumer Discretionary,
MIDD,The Middleby Corporation,Industrials,
MINT,PIMCO Enhanced Short Maturity Active Exchange-Traded Fund,,
MIR,"Mirion Technologies, Inc.",Industrials,
MIRM,"Mirum Pharmaceuticals, Inc.",Biotech,
MKC,"McCormick & Company, Incorporated",Consumer Staples,
MKL,Markel Group Inc.,Financials,
MKSI,MKS Inc.,Technology,
MKTX,MarketAxess Holdings Inc.,Financials,
MLI,"Mueller Industries, Inc.",Industrials,
MLM,"Martin Marietta Materials, Inc.",Materials,
MLTX,MoonLake Immunotherapeutics,Biotech,
MMM,3M Company,Industrials,
MMSI,"Merit Medical Systems, Inc.",Healthcare,
MMYT,MakeMyTrip Limited,Consumer Discretionary,
MNDY,monday.com Ltd.,Technology,
MNST,Monster Beverage Corporation,Consumer Staples,
MNTS,Momentus Inc.,Industrials,
MO,"Altria Group, Inc.",Consumer Staples,
MOAT,VanEck Morningstar Wide Moat ETF,,
MOD,Modine Manufacturing Company,Consumer Discretionary,
MOH,"Molina Healthcare, Inc.",Healthcare,
MORN,"Morningstar, Inc.",Financials,
MOS,The Mosaic Company,Materials,
MP,MP Materials Corp.,Materials,
MPC,Marathon Petroleum Corporation,Energy,
MPWR,"Monolithic Power Systems, Inc.",Technology,
MRCY,"Mercury Systems, Inc.",Industrials,
MRK,"Merck & Co., Inc.",Healthcare,
MRNA,"Moderna, Inc.",Healthcare,
MRSH,"Marsh & McLennan Companies, Inc.",Financials,
MRVL,"Marvell Technology, Inc.",Technology,
MS,Morgan Stanley,Financials,
MSCI,MSCI Inc.,Financials,
MSFT,Microsoft Corporation,Technology,
MSGS,,Communication Services,
MSI,"Motorola Solutions, Inc.",Technology,
MSM,"MSC Industrial Direct Co., Inc.",Industrials,
MSTR,Strategy Inc,Technology,
MSTU,T-Rex 2X Long MSTR Daily Target ETF,,
MSTX,Defiance Daily Target 2x Long MSTR ETF,,
MSTZ,T-Rex 2X Inverse MSTR Daily Target ETF,,
MT,ArcelorMittal S.A.,Materials,
MTB,M&T Bank Corporation,Financials,
MTCH,"Match Group, Inc.",Communication Services,
MTD,Mettler-Toledo International Inc.,Healthcare,
MTDR,Matador Resources Company,Energy,
MTG,MGIC Investment Corporation,Financials,
MTH,Meritage Homes Corporation,Consumer Discretionary,
MTN,,Consumer Discretionary,
MTSI,"MACOM Technology Solutions Holdings, Inc.",Technology,
MTUM,iShares MSCI USA Momentum Factor ETF,,
MTZ,"MasTec, Inc.",Industrials,
MU,"Micron Technology, Inc.",Technology,
MUB,iShares National Muni Bond ETF,,
MUFG,"Mitsubishi UFJ Financial Group, Inc.",Financials,
MUR,Murphy Oil Corporation,Energy,
MUSA,Murphy USA Inc.,Consumer Discretionary,
MUU,Direxion Daily MU Bull 2X Shares,,
NAIL,Direxion Daily Homebuilders & Supplies Bull 3X Shares,,
NAMM,Namib Minerals,Materials,
NBIS,Nebius Group N.V.,Communication Services,
NBIX,"Neurocrine Biosciences, Inc.",Healthcare,
NCLH,Norwegian Cruise Line Holdings Ltd.,Consumer Discretionary,
NDAQ,"Nasdaq, Inc.",Financials,
NDSN,Nordson Corporation,Industrials,
NE,Noble Corporation plc,Energy,
NEE,"NextEra Energy, Inc.",Utilities,
NEM,Newmont Corporation,Materials,
NET,"Cloudflare, Inc.",Technology,
NEU,NewMarket Corporation,Materials,
NFG,National Fuel Gas Company,Energy,
NFLX,,Communication Services,
NGD,New Gold Inc.,Materials,
NI,NiSource Inc.,Utilities,
NKE,"NIKE, Inc.",Consumer Discretionary,
NLR,VanEck Uranium and Nuclear ETF,,
NLY,"Annaly Capital Management, Inc.",Real Estate,
NNE,NANO Nuclear Energy Inc.,Industrials,
NNN,"NNN REIT, Inc.",Real Estate,
NOBL,ProShares S&P 500 Dividend Aristocrats ETF,,
NOC,Northrop Grumman Corporation,Industrials,
NOV,NOV Inc.,Energy,
NOVT,Novanta Inc.,Technology,
NOW,"ServiceNow, Inc.",Technology,
NRG,"NRG Energy, Inc.",Utilities,
NSA,,Real Estate,
NSC,Norfolk Southern Corporation,Industrials,
NTAP,"NetApp, Inc.",Technology,
NTLA,"Intellia Therapeutics, Inc.",Biotech,
NTNX,"Nutanix, Inc.",Technology,
NTR,Nutrien Ltd.,Materials,
NTRA,"Natera, Inc.",Healthcare,
NTRS,,Financials,
NU,Nu Holdings Ltd.,Financials,
NUE,Nucor Corporation,Materials,
NUGT,Direxion Daily Gold Miners Index Bull 2XShares,Materials,
NUVL,"Nuvalent, Inc.",Healthcare,
NVD,GraniteShares 2x Short NVDA Daily ETF,,
NVDA,NVIDIA Corporation,Technology,
NVDL,GraniteShares 2x Long NVDA Daily ETF,,
NVDX,T-Rex 2X Long NVIDIA Daily Target ETF,,
NVDY,YieldMax NVDA Option Income Strategy ETF,,
NVMI,Nova Ltd.,Technology,
NVO,Novo Nordisk A/S,Healthcare,
NVR,"NVR, Inc.",Consumer Discretionary,
NVS,Novartis AG,Healthcare,
NVST,Envista Holdings Corporation,Healthcare,
NVT,nVent Electric plc,Industrials,
NVTS,Navitas Semiconductor Corporation,Semiconductors,
NWSA,News Corporation,Communication Services,
NXE,NexGen Energy Ltd.,Energy,
NXPI,NXP Semiconductors N.V.,Semiconductors,
NXST,"Nexstar Media Group, Inc.",Communication Services,
NXT,Nextpower Inc.,Technology,
NYT,The New York Times Company,Communication Services,
O,Realty Income Corporation,Real Estate,
OC,Owens Corning,Industrials,
OCUL,"Ocular Therapeutix, Inc.",Healthcare,
ODFL,"Old Dominion Freight Line, Inc.",Logistics,
OEF,iShares S&P 100 Fund,,
OGE,OGE Energy Corp.,Utilities,
OGN,Organon & Co.,Healthcare,
OHI,"Omega Healthcare Investors, Inc.",Real Estate,
OIH,VanEck Oil Services ETF,Energy,
OKE,"ONEOK, Inc.",Energy,
OKLL,Defiance Daily Target 2x Long OKLO ETF,,
OKLO,Oklo Inc.,Utilities,
OKTA,"Okta, Inc.",Technology,
OLED,Universal Display Corporation,Technology,
OLLI,"Ollie's Bargain Outlet Holdings, Inc.",Consumer Staples,
OLN,Olin Corporation,Materials,
OMC,Omnicom Group Inc.,Communication Services,
OMER,Omeros Corporation,Healthcare,
OMF,"OneMain Holdings, Inc.",Financials,
ON,ON Semiconductor Corporation,Semiconductors,
ONB,Old National Bancorp,Financials,
ONDS,Ondas Inc.,Technology,
ONON,On Holding AG,Consumer Discretionary,
ONTO,Onto Innovation Inc.,Technology,
OPCH,"Option Care Health, Inc.",Healthcare,
OPEN,Opendoor Technologies Inc.,Real Estate,
OR,OR Royalties Inc.,Materials,
ORA,"Ormat Technologies, Inc.",Utilities,
ORC,"Orchid Island Capital, Inc.",Real Estate,
ORCL,Oracle Corporation,Technology,
ORCX,Defiance Daily Target 2X Long ORCL ETF,,
ORI,Old Republic International Corporation,Financials,
ORLY,"O'Reilly Automotive, Inc.",Consumer Discretionary,
OS,"OneStream, Inc.",Technology,
OSCR,"Oscar Health, Inc.",Healthcare,
OSIS,"OSI Systems, Inc.",Technology,
OSK,Oshkosh Corporation,Industrials,
OTIS,Otis Worldwide Corporation,Industrials,
OUNZ,VanEck Merk Gold ETF,Materials,
OVV,Ovintiv Inc.,Energy,
OWL,Blue Owl Capital Inc.,Financials,
OXY,Occidental Petroleum Corporation,Energy,
OZK,Bank OZK,Financials,
PAAA,PGIM AAA CLO ETF,,
PAAS,Pan American Silver Corp.,Materials,
PALL,abrdn Physical Palladium Shares ETF,,
PANW,"Palo Alto Networks, Inc.",Technology,
PATH,"UiPath, Inc.",Technology,
PAVE,Global X U.S. Infrastructure Development ETF,,
PAYC,"Paycom Software, Inc.",Technology,
PAYX,"Paychex, Inc.",Technology,
PB,"Prosperity Bancshares, Inc.",Financials,
PBF,PBF Energy Inc.,Energy,
PBR,Petróleo Brasileiro S.A. - Petrobras,Energy,
PCAR,PACCAR Inc,Industrials,
PCG,PG&E Corporation,Utilities,
PCOR,"Procore Technologies, Inc.",Technology,
PCTY,Paylocity Holding Corporation,Technology,
PCVX,"Vaxcyte, Inc.",Healthcare,
PDBC,Invesco Optimum Yield Diversified Commodity Strategy No K-1 ETF,,
PDI,,Financials,
PEG,Public Service Enterprise Group Incorporated,Utilities,
PEGA,Pegasystems Inc.,Energy,
PEN,"Penumbra, Inc.",Healthcare,
PENN,"PENN Entertainment, Inc.",Consumer Discretionary,
PEP,"PepsiCo, Inc.",Consumer Staples,
PFE,Pfizer Inc.,Healthcare,
PFF,iShares Preferred and Income Securities ETF,,
PFG,"Principal Financial Group, Inc.",Financials,
PFGC,Performance Food Group Company,Consumer Staples,
PFSI,"PennyMac Financial Services, Inc.",Financials,
PG,The Procter & Gamble Company,Consumer Staples,
PGR,The Progressive Corporation,Financials,
PGX,Invesco Preferred ETF,,
PGY,Pagaya Technologies Ltd.,Technology,
PH,Parker-Hannifin Corporation,Industrials,
PHM,"PulteGroup, Inc.",Consumer Discretionary,
PHYS,Sprott Physical Gold Trust ETV,Materials,
PI,"Impinj, Inc.",Technology,
PICK,iShares MSCI Global Select Metals & Mining Producers Fund,Materials,
PII,Polaris Inc.,Consumer Discretionary,
PINS,"Pinterest, Inc.",Communication Services,
PKG,Packaging Corporation of America,Consumer Discretionary,
PL,Planet Labs PBC,Industrials,
PLD,"Prologis, Inc.",Real Estate,
PLNT,"Planet Fitness, Inc.",Consumer Discretionary,
PLTD,Direxion Daily PLTR Bear 1X Shares,,
PLTM,GraniteShares Platinum Shares ETF,,
PLTR,Palantir Technologies Inc.,Technology,
PLTU,Direxion Daily PLTR Bull 2X Shares,,
PLUG,Plug Power Inc.,Industrials,
PM,Philip Morris International Inc.,Consumer Staples,
PNC,"The PNC Financial Services Group, Inc.",Financials,
PNFP,"Pinnacle Financial Partners, Inc.",Financials,
PNR,Pentair plc,Industrials,
PNW,Pinnacle West Capital Corporation,Utilities,
PODD,Insulet Corporation,Healthcare,
POET,POET Technologies Inc.,Technology,
POOL,Pool Corporation,Industrials,
POST,"Post Holdings, Inc.",Consumer Staples,
POWL,"Powell Industries, Inc.",Industrials,
PPA,Invesco Aerospace & Defense ETF,Defense,
PPG,"PPG Industries, Inc.",Materials,
PPL,PPL Corporation,Utilities,
PPLT,abrdn Physical Platinum Shares ETF,,
PPTA,Perpetua Resources Corp.,Materials,
PR,Permian Resources Corporation,Energy,
PRAX,"Praxis Precision Medicines, Inc.",Healthcare,
PRIM,Primoris Services Corporation,Industrials,
PRMB,Primo Brands Corporation,Consumer Staples,
PRU,"Prudential Financial, Inc.",Financials,
PSA,Public Storage,Real Estate,
PSKY,Paramount Skydance Corporation,Communication Services,
PSLV,Sprott Physical Silver Trust ETV,Materials,
PSN,Parsons Corporation,Technology,
PSQ,ProShares Short QQQ,,
PSTG,"Pure Storage, Inc.",Technology,
PSX,Phillips 66,Energy,
PTC,PTC Inc.,Technology,
PTCT,"PTC Therapeutics, Inc.",Biotech,
PTEN,"Patterson-UTI Energy, Inc.",Energy,
PTGX,"Protagonist Therapeutics, Inc.",Biotech,
PTIR,GraniteShares 2x Long PLTR Daily ETF,,
PTON,"Peloton Interactive, Inc.",Consumer Discretionary,
PULS,PGIM Ultra Short Bond ETF,,
PVAL,Putnam Focused Large Cap Value ETF,,
PVH,PVH Corp.,Consumer Discretionary,
PWR,"Quanta Services, Inc.",Industrials,
PYLD,PIMCO Multisector Bond Active Exchange-Traded Fund,,
PYPL,"PayPal Holdings, Inc.",Financials,
Q,"Qnity Electronics, Inc.",Technology,
QBTS,D-Wave Quantum Inc.,Technology,
QBTX,Tradr 2X Long QBTS Daily ETF,,
QCOM,QUALCOMM Incorporated,Technology,
QGEN,Qiagen N.V.,Healthcare,
QID,ProShares UltraShort QQQ,,
QLD,ProShares Ultra QQQ,,
QQQ,"Invesco QQQ Trust, Series 1",,
QQQI,NEOS Nasdaq 100 High Income ETF,,
QQQM,Invesco NASDAQ 100 ETF,,
QRVO,"Qorvo, Inc.",Technology,
QS,QuantumScape Corporation,Consumer Discretionary,
QSR,Restaurant Brands International Inc.,Consumer Discretionary,
QTUM,Defiance Quantum ETF,,
QUAL,iShares MSCI USA Quality Factor ETF,,
QUBT,Quantum Computing Inc.,Technology,
QXO,"QXO, Inc.",Industrials,
QYLD,Global X NASDAQ 100 Covered Call ETF,,
R,"Ryder System, Inc.",Industrials,
RACE,Ferrari N.V.,Consumer Discretionary,
RAL,Ralliant Corporation,Technology,
RAPT,"RAPT Therapeutics, Inc.",Biotech,
RARE,Ultragenyx Pharmaceutical Inc.,Biotech,
RBA,"RB Global, Inc.",Industrials,
RBC,RBC Bearings Incorporated,Industrials,
RBLX,Roblox Corporation,Communication Services,
RBRK,"Rubrik, Inc.",Technology,
RCAT,"Red Cat Holdings, Inc.",Industrials,
RCL,Royal Caribbean Cruises Ltd.,Consumer Discretionary,
RDDT,"Reddit, Inc.",Communication Services,
RDVY,First Trust Rising Dividend Achievers ETF,,
RDW,Redwire Corporation,Industrials,
REG,Regency Centers Corporation,Real Estate,
REGN,"Regeneron Pharmaceuticals, Inc.",Biotech,
REMX,VanEck Rare Earth and Strategic Metals ETF,Materials,
REXR,"Rexford Industrial Realty, Inc.",Real Estate,
RF,Regions Financial Corporation,Financials,
RGA,"Reinsurance Group of America, Incorporated",Financials,
RGEN,Repligen Corporation,Healthcare,
RGLD,"Royal Gold, Inc.",Materials,
RGTI,"Rigetti Computing, Inc.",Technology,
RGTZ,Defiance Daily Target 2x Short RGTI ETF,,
RH,RH,Consumer Discretionary,
RHI,Robert Half Inc.,Industrials,
RIG,Transocean Ltd.,Energy,
RIO,Rio Tinto Group,Materials,
RIOT,"Riot Platforms, Inc.",Financials,
RITM,Rithm Capital Corp.,Real Estate,
RIVN,"Rivian Automotive, Inc.",Consumer Discretionary,
RJF,"Raymond James Financial, Inc.",Financials,
RKLB,Rocket Lab Corporation,Industrials,
RKLX,Defiance Daily Target 2X Long RKLB ETF,,
RKLZ,Defiance Daily Target 2x Short RKLB ETF,,
RKT,"Rocket Companies, Inc.",Financials,
RL,Ralph Lauren Corporation,Consumer Discretionary,
RMBS,Rambus Inc.,Technology,
RMD,ResMed Inc.,Healthcare,
RNA,"Avidity Biosciences, Inc.",Healthcare,
RNR,RenaissanceRe Holdings Ltd.,Financials,
ROIV,Roivant Sciences Ltd.,Healthcare,
ROK,"Rockwell Automation, Inc.",Industrials,
ROKU,"Roku, Inc.",Communication Services,
ROL,"Rollins, Inc.",Consumer Discretionary,
ROLR,"High Roller Technologies, Inc.",Consumer Discretionary,
ROP,"Roper Technologies, Inc.",Technology,
ROST,"Ross Stores, Inc.",Consumer Discretionary,
RPM,RPM International Inc.,Materials,
RPRX,Royalty Pharma plc,Healthcare,
RR,Richtech Robotics Inc.,Industrials,
RRC,Range Resources Corporation,Energy,
RRX,Regal Rexnord Corporation,Industrials,
RS,"Reliance, Inc.",Materials,
RSG,"Republic Services, Inc.",Industrials,
RSP,Invesco S&P 500 Equal Weight ETF,,
RTX,RTX Corporation,Industrials,
RUN,Sunrun Inc.,Technology,
RVMD,"Revolution Medicines, Inc.",Healthcare,
RVTY,"Revvity, Inc.",Healthcare,
RWM,ProShares Short Russell2000,,
RXRX,"Recursion Pharmaceuticals, Inc.",Biotech,
RY,Royal Bank of Canada,Financials,
RYAN,"Ryan Specialty Holdings, Inc.",Financials,
RYTM,"Rhythm Pharmaceuticals, Inc.",Biotech,
RZLV,Rezolve AI PLC,Technology,
S,"SentinelOne, Inc.",Technology,
SAIA,"Saia, Inc.",Industrials,
SAIC,Science Applications International Corporation,Technology,
SANM,Sanmina Corporation,Technology,
SAP,SAP SE,Technology,
SARO,"StandardAero, Inc.",Industrials,
SATS,EchoStar Corporation,Communication Services,
SBAC,SBA Communications Corporation,Real Estate,
SBET,"SharpLink Gaming, Inc.",Financials,
SBIT,ProShares UltraShort Bitcoin ETF,Crypto,
SBSW,Sibanye Stillwater Limited,Materials,
SBUX,Starbucks Corporation,Consumer Discretionary,
SCCO,Southern Copper Corporation,Materials,
SCHA,Schwab U.S. Small-Cap ETF,,
SCHB,Schwab U.S. Broad Market ETF,,
SCHD,Schwab US Dividend Equity ETF,,
SCHE,Schwab Emerging Markets Equity ETF,,
SCHF,Schwab International Equity ETF,,
SCHG,Schwab U.S. Large-Cap Growth ETF,,
SCHH,Schwab U.S. REIT ETF,,
SCHO,Schwab Short-Term U.S. Treasury ETF,,
SCHP,Schwab U.S. TIPS ETF,,
SCHR,Schwab Intermediate-Term U.S. Treasury ETF,,
SCHV,Schwab U.S. Large-Cap Value ETF,,
SCHW,The Charles Schwab Corporation,Financials,
SCHX,Schwab U.S. Large-Cap ETF,,
SCHZ,Schwab US Aggregate Bond ETF,,
SCI,Service Corporation International,Consumer Discretionary,
SCMB,Schwab Municipal Bond ETF,,
SCZ,iShares MSCI EAFE Small-Cap ETF,,
SDOW,UltraPro Short Dow30,,
SDS,ProShares UltraShort S&P500,,
SDVY,First Trust SMID Cap Rising Dividend Achievers ETF,,
SDY,State Street SPDR S&P Dividend ETF,,
SEB,Seaboard Corporation,Industrials,
SEDG,"SolarEdge Technologies, Inc.",Energy Transition,
SEE,Sealed Air Corporation,Consumer Discretionary,
SEI,"Solaris Energy Infrastructure, Inc.",Energy Transition,
SERV,Serve Robotics Inc.,Industrials,
SF,Stifel Financial Corp.,Financials,
SFM,"Sprouts Farmers Market, Inc.",Consumer Staples,
SGI,Somnigroup International Inc.,Consumer Discretionary,
SGML,Sigma Lithium Corporation,Materials,
SGOL,abrdn Physical Gold Shares ETF,Materials,
SGOV,iShares 0-3 Month Treasury Bond ETF,,
SH,ProShares Short S&P500,,
SHAK,Shake Shack Inc.,Consumer Discretionary,
SHLD,Global X Defense Tech ETF,Defense,
SHOP,Shopify Inc.,Technology,
SHV,iShares 0-1 Year Treasury Bond ETF,,
SHW,The Sherwin-Williams Company,Materials,
SHY,iShares 1-3 Year Treasury Bond ETF,,
SIDU,"Sidus Space, Inc.",Industrials,
SIG,Signet Jewelers Limited,Consumer Discretionary,
SIL,Global X Silver Miners ETF,Materials,
SILJ,Amplify Junior Silver Miners ETF,Materials,
SIRI,Sirius XM Holdings Inc.,Communication Services,
SITE,"SiteOne Landscape Supply, Inc.",Industrials,
SITM,SiTime Corporation,Technology,
SIVR,abrdn Physical Silver Shares ETF,Materials,
SJM,The J. M. Smucker Company,Consumer Staples,
SJNK,State Street SPDR Bloomberg Short Term High Yield Bond ETF,,
SKY,"Champion Homes, Inc.",Consumer Discretionary,
SKYT,"SkyWater Technology, Inc.",Technology,
SLB,SLB N.V.,Energy,
SLM,SLM Corporation,Financials,
SLNO,"Soleno Therapeutics, Inc.",Biotech,
SLS,"SELLAS Life Sciences Group, Inc.",Healthcare,
SLV,iShares Silver Trust,Materials,
SLVP,iShares MSCI Global Silver Miners Fund,Materials,
SM,SM Energy Company,Energy,
SMCI,"Super Micro Computer, Inc.",Technology,
SMH,VanEck Semiconductor ETF,Semiconductors,
SMR,NuScale Power Corporation,Industrials,
SMTC,Semtech Corporation,Technology,
SMX,SMX (Security Matters) Public Limited Company,Industrials,
SN,"SharkNinja, Inc.",Consumer Discretionary,
SNA,Snap-on Incorporated,Industrials,
SNAP,Snap Inc.,Communication Services,
SNDK,Sandisk Corporation,Technology,
SNOW,Snowflake Inc.,Technology,
SNPS,"Synopsys, Inc.",Technology,
SNX,TD SYNNEX Corporation,Technology,
SNXX,,,
SO,The Southern Company,Utilities,
SOC,Sable Offshore Corp.,Energy,
SOFI,"SoFi Technologies, Inc.",Financials,
SOLS,"Solstice Advanced Materials, Inc.",Materials,
SOLT,2x Solana ETF,,
SOLV,Solventum Corporation,Healthcare,
SOUN,"SoundHound AI, Inc.",Technology,
SOXL,Direxion Daily Semiconductor Bull 3X Shares,Semiconductors,
SOXS,Direxion Daily Semiconductor Bear 3X Shares,Semiconductors,
SOXX,iShares PHLX SOX Semiconductor Sector Index Fund,Semiconductors,
SPAB,State Street SPDR Portfolio Aggregate Bond ETF,,
SPDN,Direxion Daily S&P 500 Bear 1X Shares,,
SPDW,SPDR Portfolio Developed World ex-US ETF,,
SPEM,SPDR Portfolio Emerging Markets ETF,,
SPG,"Simon Property Group, Inc.",Real Estate,
SPGI,S&P Global Inc.,Financials,
SPHL,Springview Holdings Ltd,Consumer Discretionary,
SPHQ,Invesco S&P 500 Quality ETF,,
SPHR,Sphere Entertainment Co.,Communication Services,
SPHY,State Street SPDR Portfolio High Yield Bond ETF,,
SPIB,State Street SPDR Portfolio Intermediate Term Corporate Bond ETF,,
SPLB,State Street SPDR Portfolio Long Term Corporate Bond ETF,,
SPLV,Invesco S&P 500 Low Volatility ETF,,
SPMD,State Street SPDR Portfolio S&P 400 Mid Cap ETF,,
SPMO,Invesco S&P 500 Momentum ETF,,
SPOT,Spotify Technology S.A.,Communication Services,
SPSB,State Street SPDR Portfolio Short Term Corporate Bond ETF,,
SPSM,State Street SPDR Portfolio S&P 600 Small Cap ETF,,
SPTL,State Street SPDR Portfolio Long Term Treasury ETF,,
SPTM,State Street SPDR Portfolio S&P 1500 Composite Stock Market ETF,,
SPXC,"SPX Technologies, Inc.",Industrials,
SPXL,Direxion Daily S&P 500 Bull 3X Shares,,
SPXS,Direxion Daily S&P 500 Bear 3X,,
SPXU,ProShares UltraPro Short S&P500,,
SPY,SPDR S&P 500,,
SPYD,State Street SPDR Portfolio S&P 500 High Dividend ETF,,
SPYG,State Street SPDR Portfolio S&P 500 Growth ETF,,
SPYI,NEOS S&P 500 High Income ETF,,
SPYM,State Street SPDR Portfolio S&P 500 ETF,,
SPYV,State Street SPDR Portfolio S&P 500 Value ETF,,
SQM,Sociedad Química y Minera de Chile S.A.,Materials,
SQQQ,ProShares UltraPro Short QQQ,,
SRAD,Sportradar Group AG,Technology,
SRE,Sempra,Utilities,
SRLN,State Street Blackstone Senior Loan ETF,,
SRPT,"Sarepta Therapeutics, Inc.",Biotech,
SSB,SouthState Bank Corporation,Financials,
SSNC,"SS&C Technologies Holdings, Inc.",Technology,
SSO,ProShares Ultra S&P500,,
SSRM,SSR Mining Inc.,Materials,
STAG,"STAG Industrial, Inc.",Real Estate,
STE,STERIS plc,Healthcare,
STIP,iShares 0-5 Year TIPS Bond ETF,,
STLA,Stellantis N.V.,Consumer Discretionary,
STLD,"Steel Dynamics, Inc.",Materials,
STM,STMicroelectronics N.V.,Technology,
STNE,StoneCo Ltd.,Technology,
STNG,Scorpio Tankers Inc.,Energy,
STRL,"Sterling Infrastructure, Inc.",Industrials,
STT,State Street Corporation,Financials,
STWD,,Real Estate,
STX,Seagate Technology Holdings plc,Technology,
STZ,"Constellation Brands, Inc.",Consumer Staples,
SU,Suncor Energy Inc.,Energy,
SUB,iShares Short-Term National Muni Bond ETF,,
SVIX,-1x Short VIX Futures ETF,,
SVM,Silvercorp Metals Inc.,Materials,
SVXY,ProShares Short VIX Short Term Futures ETF,,
SW,Smurfit Westrock Plc,Consumer Discretionary,
SWK,"Stanley Black & Decker, Inc.",Industrials,
SWKS,"Skyworks Solutions, Inc.",Technology,
SYF,Synchrony Financial,Financials,
SYK,Stryker Corporation,Healthcare,
SYM,Symbotic Inc.,Industrials,
SYNA,Synaptics Incorporated,Technology,
SYY,Sysco Corporation,Consumer Staples,
T,AT&T Inc.,Communication Services,
TAN,Invesco Solar ETF,Energy Transition,
TAP,Molson Coors Beverage Company,Consumer Staples,
TBIL,US Treasury 3 Month Bill ETF,,
TD,The Toronto-Dominion Bank,Financials,
TDG,TransDigm Group Incorporated,Industrials,
TDY,Teledyne Technologies Incorporated,Technology,
TE,T1 Energy Inc.,Industrials,
TEAM,Atlassian Corporation,Technology,
TECH,Bio-Techne Corporation,Healthcare,
TECK,Teck Resources Limited,Materials,
TECL,Direxion Technology Bull 3X Shares,,
TEL,TE Connectivity plc,Technology,
TEM,"Tempus AI, Inc.",Healthcare,
TER,"Teradyne, Inc.",Technology,
TERN,"Terns Pharmaceuticals, Inc.",Biotech,
TEX,Terex Corporation,Industrials,
TFC,Truist Financial Corporation,Financials,
TFLO,iShares Treasury Floating Rate Bond ETF,,
TFX,Teleflex Incorporated,Healthcare,
TGB,Taseko Mines Limited,Materials,
TGT,Target Corporation,Consumer Staples,
TGTX,"TG Therapeutics, Inc.",Biotech,
THC,Tenet Healthcare Corporation,Healthcare,
THG,"The Hanover Insurance Group, Inc.",Financials,
THO,"THOR Industries, Inc.",Consumer Discretionary,
TIGO,Millicom International Cellular S.A.,Communication Services,
TIP,iShares TIPS Bond ETF,,
TJX,"The TJX Companies, Inc.",Consumer Discretionary,
TKO,"TKO Group Holdings, Inc.",Communication Services,
TKR,The Timken Company,Industrials,
TLH,iShares 10-20 Year Treasury Bond ETF,,
TLN,Talen Energy Corporation,Utilities,
TLRY,"Tilray Brands, Inc.",Healthcare,
TLT,iShares 20+ Year Treasury Bond ETF,,
TM,Toyota Motor Corporation,Consumer Discretionary,
TMC,TMC the metals company Inc.,Materials,
TMDX,"TransMedics Group, Inc.",Healthcare,
TMF,Direxion Daily 20-Yr Treasury Bull 3x Shrs,,
TMHC,Taylor Morrison Home Corporation,Consumer Discretionary,
TMO,Thermo Fisher Scientific Inc.,Healthcare,
TMUS,"T-Mobile US, Inc.",Communication Services,
TNA,Direxion Small Cap Bull 3X Shares,,
TOL,"Toll Brothers, Inc.",Consumer Discretionary,
TOST,"Toast, Inc.",Technology,
TPG,TPG Inc.,Financials,
TPL,Texas Pacific Land Corporation,Energy,
TPR,"Tapestry, Inc.",Consumer Discretionary,
TQQQ,ProShares UltraPro QQQ,,
TREX,"Trex Company, Inc.",Industrials,
TRGP,Targa Resources Corp.,Energy,
TRI,Thomson Reuters Corporation,Industrials,
TRMB,Trimble Inc.,Technology,
TROW,"T. Rowe Price Group, Inc.",Financials,
TRP,TC Energy Corporation,Energy,
TRU,TransUnion,Financials,
TRV,"The Travelers Companies, Inc.",Financials,
TSCO,Tractor Supply Company,Consumer Discretionary,
TSDD,GraniteShares 2x Short TSLA Daily ETF,,
TSEM,Tower Semiconductor Ltd.,Semiconductors,
TSLA,"Tesla, Inc.",Consumer Discretionary,
TSLG,Leverage Shares 2X Long TSLA Daily ETF,,
TSLL,Direxion Daily TSLA Bull 2X Shares,,
TSLQ,Tradr 2X Short TSLA Daily ETF,,
TSLS,Direxion Daily TSLA Bear 1X Shares,,
TSLT,T-REX 2X Long Tesla Daily Target ETF,,
TSLZ,T-Rex 2X Inverse Tesla Daily Target ETF,,
TSM,Taiwan Semiconductor Manufacturing Company Limited,Semiconductors,
TSN,"Tyson Foods, Inc.",Consumer Staples,
TT,Trane Technologies plc,Industrials,
TTAN,"ServiceTitan, Inc.",Technology,
TTC,The Toro Company,Industrials,
TTD,"The Trade Desk, Inc.",Communication Services,
TTE,TotalEnergies SE,Energy,
TTEK,"Tetra Tech, Inc.",Industrials,
TTMI,"TTM Technologies, Inc.",Technology,
TTWO,"Take-Two Interactive Software, Inc.",Communication Services,
TU,TELUS Corporation,Communication Services,
TVTX,"Travere Therapeutics, Inc.",Biotech,
TW,Tradeweb Markets Inc.,Financials,
TWLO,Twilio Inc.,Technology,
TXN,Texas Instruments Incorporated,Technology,
TXRH,"Texas Roadhouse, Inc.",Consumer Discretionary,
TXT,Textron Inc.,Industrials,
TYL,"Tyler Technologies, Inc.",Technology,
TZA,Direxion Small Cap Bear 3X Shares,,
UAA,"Under Armour, Inc.",Consumer Discretionary,
UBER,"Uber Technologies, Inc.",Technology,
UBS,UBS Group AG,Financials,
UCO,ProShares Ultra Bloomberg Crude Oil,Energy,
UDOW,ProShares UltraPro Dow30,,
UDR,"UDR, Inc.",Real Estate,
UEC,Uranium Energy Corp.,Energy,
UGI,UGI Corporation,Utilities,
UGL,ProShares Ultra Gold,Materials,
UHS,"Universal Health Services, Inc.",Healthcare,
UI,Ubiquiti Inc.,Technology,
ULS,UL Solutions Inc.,Industrials,
ULTA,"Ulta Beauty, Inc.",Consumer Discretionary,
UMAC,"Unusual Machines, Inc.",Technology,
UMBF,UMB Financial Corporation,Financials,
UNG,United States Natural Gas Fund LP,Energy,
UNM,Unum Group,Financials,
UNP,Union Pacific Corporation,Industrials,
UPRO,ProShares UltraPro S&P 500,,
UPST,"Upstart Holdings, Inc.",Financials,
URA,Global X Uranium ETF,,
URBN,"Urban Outfitters, Inc.",Consumer Discretionary,
URNM,Sprott Uranium Miners ETF,,
URTH,iShares MSCI World ETF,,
URTY,ProShares UltraPro Russell2000,,
USAR,"USA Rare Earth, Inc.",Materials,
USB,U.S. Bancorp,Financials,
USFD,US Foods Holding Corp.,Consumer Staples,
USFR,WisdomTree Floating Rate Treasury Fund,,
USHY,iShares Broad USD High Yield Corporate Bond ETF,,
USIG,iShares Broad USD Investment Grade Corporate Bond ETF,,
USMV,iShares MSCI USA Min Vol Factor ETF,,
USO,United States Oil Fund,Energy,
UUUU,Energy Fuels Inc.,Energy,
UVIX,2x Long VIX Futures ETF,,
UVXY,ProShares Ultra VIX Short Term Futures ETF,,
UWMC,UWM Holdings Corporation,Financials,
V,Visa Inc.,Financials,
VAL,Valaris Limited,Energy,
VB,Vanguard Small-Cap ETF,,
VBIL,Vanguard 0-3 Month Treasury Bill ETF,,
VBK,Vanguard Small-Cap Growth ETF,,
VBR,Vanguard Small-Cap Value ETF,,
VCIT,Vanguard Intermediate-Term Corporate Bond ETF,,
VCLT,Vanguard Long-Term Corporate Bond ETF,,
VCSH,Vanguard Short-Term Corporate Bond ETF,,
VDE,Vanguard Energy ETF,,
VEA,Vanguard FTSE Developed Markets ETF,,
VEEV,Veeva Systems Inc.,Healthcare,
VERA,"Vera Therapeutics, Inc.",Biotech,
VERO,Venus Concept Inc.,Healthcare,
VEU,Vanguard FTSE All World Ex US ETF,,
VFC,V.F. Corporation,Consumer Discretionary,
VFH,Vanguard Financials ETF,,
VFLO,VictoryShares Free Cash Flow ETF,,
VG,"Venture Global, Inc.",Energy,
VGIT,Vanguard Intermediate-Term Treasury ETF,,
VGK,Vanguard FTSEEuropean ETF,,
VGLT,Vanguard Long-Term Treasury ETF,,
VGSH,Vanguard Short-Term Treasury ETF,,
VGT,Vanguard Information Tech ETF,,
VHT,Vanguard Health Care ETF,,
VIAV,Viavi Solutions Inc.,Technology,
VICI,VICI Properties Inc.,Real Estate,
VICR,Vicor Corporation,Technology,
VIG,Vanguard Div Appreciation ETF,,
VIK,Viking Holdings Ltd,Consumer Discretionary,
VISN,"Vistance Networks, Inc.",Technology,
VIXY,VIX Short-Term Futures ETF,,
VKTX,"Viking Therapeutics, Inc.",Biotech,
VLO,Valero Energy Corporation,Energy,
VLTO,Veralto Corporation,Industrials,
VLUE,iShares MSCI USA Value Factor ETF,,
VLY,Valley National Bancorp,Financials,
VMBS,Vanguard Mortgage-Backed Securities ETF,,
VMC,Vulcan Materials Company,Materials,
VMI,"Valmont Industries, Inc.",Industrials,
VNOM,"Viper Energy, Inc.",Energy,
VNQ,Vanguard Real Estate ETF,,
VO,Vanguard Mid-Cap ETF,,
VOE,Vanguard Mid-Cap Value ETF,,
VONG,Vanguard Russell 1000 Growth ETF,,
VONV,Vanguard Russell 1000 Value ETF,,
VOO,Vanguard S&P 500 ETF,,
VOOG,Vanguard S&P 500 Growth ETF,,
VOT,Vanguard Mid-Cap Growth ETF,,
VOYA,"Voya Financial, Inc.",Financials,
VOYG,"Voyager Technologies, Inc.",Industrials,
VPL,Vanguard FTSE Pacific ETF,,
VPU,Vanguard Utilities ETF,,
VRNS,"Varonis Systems, Inc.",Technology,
VRSK,"Verisk Analytics, Inc.",Industrials,
VRSN,"VeriSign, Inc.",Technology,
VRT,Vertiv Holdings Co,Industrials,
VRTX,Vertex Pharmaceuticals Incorporated,Biotech,
VSAT,"Viasat, Inc.",Technology,
VSCO,Victoria's Secret & Co.,Consumer Discretionary,
VSEC,VSE Corporation,Industrials,
VSNT,"Versant Media Group, Inc.",Communication Services,
VST,Vistra Corp.,Utilities,
VT,Vanguard Total World Stock Index ETF,,
VTEB,Vanguard Tax-Exempt Bond ETF,,
VTI,Vanguard Total Stock Market ETF,,
VTIP,Vanguard Short-Term Inflation-Protected Securities Index Fund ETF Shares,,
VTR,"Ventas, Inc.",Real Estate,
VTRS,Viatris Inc.,Healthcare,
VTV,Vanguard Value ETF,,
VTWO,Vanguard Russell 2000 ETF,,
VTYX,"Ventyx Biosciences, Inc.",Healthcare,
VUG,Vanguard Growth ETF,,
VUSB,Vanguard Ultra-Short Bond ETF,,
VV,Vanguard Large-Cap ETF,,
VVV,Valvoline Inc.,Consumer Discretionary,
VWO,Vanguard FTSE Emerging Markets ETF,,
VXF,Vanguard Extended Market ETF,,
VXUS,Vanguard Total International Stock ETF,,
VXX,,,
VYM,Vanguard High Dividend Yield ETF,,
VYMI,Vanguard International High Dividend Yield ETF,,
VZ,Verizon Communications Inc.,Communication Services,
W,Wayfair Inc.,Consumer Discretionary,
WAB,Westinghouse Air Brake Technologies Corporation,Industrials,
WAL,Western Alliance Bancorporation,Financials,
WAT,Waters Corporation,Healthcare,
WAY,Waystar Holding Corp.,Healthcare,
WBD,"Warner Bros. Discovery, Inc.",Communication Services,
WBS,Webster Financial Corporation,Financials,
WCC,"WESCO International, Inc.",Industrials,
WCN,"Waste Connections, Inc.",Industrials,
WDAY,"Workday, Inc.",Technology,
WDC,Western Digital Corporation,Technology,
WEC,"WEC Energy Group, Inc.",Utilities,
WELL,Welltower Inc.,Real Estate,
WFC,Wells Fargo & Company,Financials,
WFRD,Weatherford International plc,Energy,
WGS,GeneDx Holdings Corp.,Healthcare,
WH,,Consumer Discretionary,
WHR,Whirlpool Corporation,Consumer Discretionary,
WINA,Winmark Corporation,Consumer Discretionary,
WING,Wingstop Inc.,Consumer Discretionary,
WIX,Wix.com Ltd.,Technology,
WK,Workiva Inc.,Technology,
WLK,Westlake Corporation,Materials,
WM,"Waste Management, Inc.",Industrials,
WMB,"The Williams Companies, Inc.",Energy,
WMG,Warner Music Group Corp.,Communication Services,
WMS,"Advanced Drainage Systems, Inc.",Industrials,
WMT,Walmart Inc.,Consumer Staples,
WPC,W. P. Carey Inc.,Real Estate,
WPM,Wheaton Precious Metals Corp.,Materials,
WRB,W. R. Berkley Corporation,Financials,
WRBY,Warby Parker Inc.,Healthcare,
WSM,"Williams-Sonoma, Inc.",Consumer Discretionary,
WSO,"Watsco, Inc.",Industrials,
WST,"West Pharmaceutical Services, Inc.",Biotech,
WT,"WisdomTree, Inc.",Financials,
WTFC,,Financials,
WTRG,"Essential Utilities, Inc.",Utilities,
WTW,Willis Towers Watson Public Limited Company,Financials,
WU,The Western Union Company,Financials,
WULF,TeraWulf Inc.,Financials,
WVE,Wave Life Sciences Ltd.,Healthcare,
WWD,"Woodward, Inc.",Industrials,
WY,Weyerhaeuser Company,Real Estate,
WYNN,,Consumer Discretionary,
XAR,State Street SPDR S&P Aerospace & Defense ETF,Defense,
XBI,State Street SPDR S&P Biotech ETF,Biotech,
XEL,Xcel Energy Inc.,Utilities,
XHB,State Street SPDR S&P Homebuilders ETF,,
XLB,State Street Materials Select Sector SPDR ETF,,
XLC,State Street Communication Services Select Sector SPDR ETF,,
XLE,State Street Energy Select Sector SPDR ETF,,
XLF,State Street Financial Select Sector SPDR ETF,,
XLG,Invesco S&P 500 Top 50 ETF,,
XLI,State Street Industrial Select Sector SPDR ETF,,
XLK,State Street Technology Select Sector SPDR ETF,,
XLP,State Street Consumer Staples Select Sector SPDR ETF,,
XLRE,State Street Real Estate Select Sector SPDR ETF,,
XLU,State Street Utilities Select Sector SPDR ETF,,
XLV,State Street Health Care Select Sector SPDR ETF,,
XLY,State Street Consumer Discretionary Select Sector SPDR ETF,,
XME,State Street SPDR S&P Metals & Mining ETF,Materials,
XOM,Exxon Mobil Corporation,Energy,
XOP,State Street SPDR S&P Oil & Gas Exploration & Production ETF,Energy,
XP,XP Inc.,Financials,
XPO,"XPO, Inc.",Industrials,
XRT,State Street SPDR S&P Retail ETF,,
XYL,Xylem Inc.,Industrials,
XYZ,"Block, Inc.",Technology,
YETI,"YETI Holdings, Inc.",Consumer Discretionary,
YINN,Direxion Daily FTSE China Bull 3X Shares,,
YUM,"Yum! Brands, Inc.",Consumer Discretionary,
Z,"Zillow Group, Inc.",Communication Services,
ZBH,"Zimmer Biomet Holdings, Inc.",Healthcare,
ZBRA,Zebra Technologies Corporation,Technology,
ZETA,Zeta Global Holdings Corp.,Technology,
ZG,"Zillow Group, Inc.",Communication Services,
ZIM,,Industrials,
ZION,,Financials,
ZM,,Technology,
ZS,,Technology,
ZSL,ProShares UltraShort Silver,Materials,
ZTS,,Healthcare,
